timestamp,datetime,open,high,low,close,volume,source
1787049000000,2026-08-18T10:30:00.000Z,75.744,75.823,75.743,75.795,711.13752,bitstamp
1787049900000,2026-08-18T10:45:00.000Z,75.795,75.81,75.763,75.765,305.90883,bitstamp
1787050800000,2026-08-18T11:00:00.000Z,75.761,75.99,75.753,75.99,773.25485,bitstamp
1787051700000,2026-08-18T11:15:00.000Z,75.991,76.378,75.986,76.187,5294.18868,bitstamp
1787052600000,2026-08-18T11:30:00.000Z,76.172,76.36,76.161,76.278,2033.64473,bitstamp
1787053500000,2026-08-18T11:45:00.000Z,76.303,76.318,76.216,76.241,680.47273,bitstamp
1787054400000,2026-08-18T12:00:00.000Z,76.244,76.433,76.244,76.314,1846.62886,bitstamp
1787055300000,2026-08-18T12:15:00.000Z,76.295,76.31,76.165,76.213,1143.37918,bitstamp
1787056200000,2026-08-18T12:30:00.000Z,76.218,76.248,76.168,76.186,1110.54534,bitstamp
1787057100000,2026-08-18T12:45:00.000Z,76.182,76.313,76.168,76.173,1741.28305,bitstamp
1787058000000,2026-08-18T13:00:00.000Z,76.156,76.156,76.066,76.076,1067.2665,bitstamp
1787058900000,2026-08-18T13:15:00.000Z,76.074,76.101,76.014,76.017,1857.1397,bitstamp
1787059800000,2026-08-18T13:30:00.000Z,76.024,76.209,75.97,76.075,2636.27718,bitstamp
1787060700000,2026-08-18T13:45:00.000Z,76.054,76.165,75.979,76.136,1997.56635,bitstamp
1787061600000,2026-08-18T14:00:00.000Z,76.134,76.278,76.048,76.109,2047.02272,bitstamp
1787062500000,2026-08-18T14:15:00.000Z,76.11,77,76.11,76.931,6694.94417,bitstamp
1787063400000,2026-08-18T14:30:00.000Z,76.937,77.253,76.712,76.746,6453.3061,bitstamp
1787064300000,2026-08-18T14:45:00.000Z,76.734,76.909,76.706,76.735,6786.84008,bitstamp
1787065200000,2026-08-18T15:00:00.000Z,76.742,76.976,76.732,76.863,2616.87018,bitstamp
1787066100000,2026-08-18T15:15:00.000Z,76.863,76.979,76.809,76.976,7513.94718,bitstamp
1787067000000,2026-08-18T15:30:00.000Z,76.978,77.062,76.941,77.017,3364.57317,bitstamp
1787067900000,2026-08-18T15:45:00.000Z,77.017,77.197,76.987,77.137,3105.53682,bitstamp
1787068800000,2026-08-18T16:00:00.000Z,77.16,77.25,76.991,77.015,7004.65299,bitstamp
1787069700000,2026-08-18T16:15:00.000Z,77.01,77.01,76.8,76.851,1494.54826,bitstamp
1787070600000,2026-08-18T16:30:00.000Z,76.835,77.06,76.796,76.962,1094.33098,bitstamp
1787071500000,2026-08-18T16:45:00.000Z,76.961,77.106,76.924,77.021,1560.47076,bitstamp
1787072400000,2026-08-18T17:00:00.000Z,77.032,77.032,76.879,76.928,1976.53195,bitstamp
1787073300000,2026-08-18T17:15:00.000Z,76.91,76.953,76.844,76.894,2193.45846,bitstamp
1787074200000,2026-08-18T17:30:00.000Z,76.9,76.978,76.842,76.941,3006.50571,bitstamp
1787075100000,2026-08-18T17:45:00.000Z,76.951,76.977,76.851,76.854,1102.46668,bitstamp
1787076000000,2026-08-18T18:00:00.000Z,76.85,77.039,76.832,77.039,1133.90552,bitstamp
1787076900000,2026-08-18T18:15:00.000Z,77.048,77.238,77.048,77.211,6054.71213,bitstamp
1787077800000,2026-08-18T18:30:00.000Z,77.214,77.25,77.079,77.111,1781.94005,bitstamp
1787078700000,2026-08-18T18:45:00.000Z,77.077,77.234,77.077,77.212,1014.50188,bitstamp
1787079600000,2026-08-18T19:00:00.000Z,77.211,77.227,77.119,77.168,2386.67466,bitstamp
1787080500000,2026-08-18T19:15:00.000Z,77.167,77.347,77.136,77.293,5861.18185,bitstamp
1787081400000,2026-08-18T19:30:00.000Z,77.282,77.31,77.131,77.133,1972.28838,bitstamp
1787082300000,2026-08-18T19:45:00.000Z,77.131,77.16,77.031,77.125,881.36928,bitstamp
1787083200000,2026-08-18T20:00:00.000Z,77.125,77.169,77,77.145,1490.7101,bitstamp
1787084100000,2026-08-18T20:15:00.000Z,77.146,77.146,76.88,76.942,2193.96043,bitstamp
1787085000000,2026-08-18T20:30:00.000Z,76.942,77.078,76.859,76.859,1876.67028,bitstamp
1787085900000,2026-08-18T20:45:00.000Z,76.852,76.898,76.694,76.831,2559.13858,bitstamp
1787086800000,2026-08-18T21:00:00.000Z,76.855,77.05,76.851,76.939,1213.45869,bitstamp
1787087700000,2026-08-18T21:15:00.000Z,76.947,76.983,76.884,76.904,739.50606,bitstamp
1787088600000,2026-08-18T21:30:00.000Z,76.895,76.963,76.874,76.918,1207.9439,bitstamp
1787089500000,2026-08-18T21:45:00.000Z,76.892,76.95,76.865,76.944,196.56974,bitstamp
1787090400000,2026-08-18T22:00:00.000Z,76.927,77.109,76.899,77.031,757.77332,bitstamp
1787091300000,2026-08-18T22:15:00.000Z,77.029,77.064,76.943,77.01,1080.23661,bitstamp
1787092200000,2026-08-18T22:30:00.000Z,77.01,77.156,76.986,76.987,2696.37038,bitstamp
1787093100000,2026-08-18T22:45:00.000Z,76.987,76.987,76.838,76.909,799.68263,bitstamp
1787094000000,2026-08-18T23:00:00.000Z,76.909,77.103,76.9,77.042,1462.71259,bitstamp
1787094900000,2026-08-18T23:15:00.000Z,77.045,77.116,77.013,77.083,725.32986,bitstamp
1787095800000,2026-08-18T23:30:00.000Z,77.063,77.189,77.063,77.107,713.06665,bitstamp
1787096700000,2026-08-18T23:45:00.000Z,77.115,77.143,76.989,77.006,623.44249,bitstamp
1787097600000,2026-08-19T00:00:00.000Z,77.016,77.044,76.843,76.843,5648.07476,bitstamp
1787098500000,2026-08-19T00:15:00.000Z,76.838,76.982,76.763,76.902,794.23302,bitstamp
1787099400000,2026-08-19T00:30:00.000Z,76.901,76.994,76.892,76.926,652.16077,bitstamp
1787100300000,2026-08-19T00:45:00.000Z,76.91,77.021,76.852,76.858,891.15277,bitstamp
1787101200000,2026-08-19T01:00:00.000Z,76.853,77.013,76.792,76.928,1703.26357,bitstamp
1787102100000,2026-08-19T01:15:00.000Z,76.922,76.922,76.677,76.786,9427.20626,bitstamp
1787103000000,2026-08-19T01:30:00.000Z,76.787,76.787,76.667,76.681,213.9515,bitstamp
1787103900000,2026-08-19T01:45:00.000Z,76.683,76.789,76.668,76.741,262.18015,bitstamp
1787104800000,2026-08-19T02:00:00.000Z,76.749,76.783,76.666,76.743,461.56352,bitstamp
1787105700000,2026-08-19T02:15:00.000Z,76.744,76.837,76.651,76.829,773.81341,bitstamp
1787106600000,2026-08-19T02:30:00.000Z,76.828,76.864,76.759,76.764,316.83055,bitstamp
1787107500000,2026-08-19T02:45:00.000Z,76.739,76.809,76.687,76.757,453.23098,bitstamp
1787108400000,2026-08-19T03:00:00.000Z,76.754,76.848,76.655,76.848,318.52686,bitstamp
1787109300000,2026-08-19T03:15:00.000Z,76.857,77.035,76.857,76.952,609.25132,bitstamp
1787110200000,2026-08-19T03:30:00.000Z,76.949,77.02,76.895,76.977,5408.14344,bitstamp
1787111100000,2026-08-19T03:45:00.000Z,76.965,77.017,76.909,76.92,1977.58967,bitstamp
1787112000000,2026-08-19T04:00:00.000Z,76.929,76.964,76.897,76.934,154.31157,bitstamp
1787112900000,2026-08-19T04:15:00.000Z,76.934,77.074,76.934,76.995,594.77473,bitstamp
1787113800000,2026-08-19T04:30:00.000Z,76.987,77.02,76.858,76.868,4646.60074,bitstamp
1787114700000,2026-08-19T04:45:00.000Z,76.879,76.897,76.74,76.792,1819.8993,bitstamp
1787115600000,2026-08-19T05:00:00.000Z,76.796,76.999,76.796,76.954,1503.64164,bitstamp
1787116500000,2026-08-19T05:15:00.000Z,76.943,76.943,76.79,76.886,2513.24139,bitstamp
1787117400000,2026-08-19T05:30:00.000Z,76.885,76.911,76.819,76.819,563.5476,bitstamp
1787118300000,2026-08-19T05:45:00.000Z,76.83,76.83,76.724,76.737,478.41167,bitstamp
1787119200000,2026-08-19T06:00:00.000Z,76.76,76.771,76.59,76.598,874.68837,bitstamp
1787120100000,2026-08-19T06:15:00.000Z,76.6,76.891,76.6,76.802,359.86977,bitstamp
1787121000000,2026-08-19T06:30:00.000Z,76.798,76.882,76.696,76.864,554.4239,bitstamp
1787121900000,2026-08-19T06:45:00.000Z,76.884,77.064,76.884,77.022,847.46668,bitstamp
1787122800000,2026-08-19T07:00:00.000Z,76.994,77.009,76.885,77.009,575.84185,bitstamp
1787123700000,2026-08-19T07:15:00.000Z,77.016,77.016,76.891,76.927,508.16513,bitstamp
1787124600000,2026-08-19T07:30:00.000Z,76.928,76.996,76.909,76.91,182.45957,bitstamp
1787125500000,2026-08-19T07:45:00.000Z,76.91,76.996,76.9,76.9,152.95629,bitstamp
1787126400000,2026-08-19T08:00:00.000Z,76.877,77.042,76.851,76.985,1260.54114,bitstamp
1787127300000,2026-08-19T08:15:00.000Z,76.985,77.139,76.968,77.139,591.56108,bitstamp
1787128200000,2026-08-19T08:30:00.000Z,77.107,77.543,77.097,77.41,9747.10664,bitstamp
1787129100000,2026-08-19T08:45:00.000Z,77.399,77.453,77.311,77.311,1236.07588,bitstamp
1787130000000,2026-08-19T09:00:00.000Z,77.305,77.414,77.287,77.32,918.03481,bitstamp
1787130900000,2026-08-19T09:15:00.000Z,77.312,77.358,77.24,77.246,1032.15196,bitstamp
1787131800000,2026-08-19T09:30:00.000Z,77.249,77.279,77.162,77.2,1985.84735,bitstamp
1787132700000,2026-08-19T09:45:00.000Z,77.194,77.26,77.162,77.259,709.05774,bitstamp
1787133600000,2026-08-19T10:00:00.000Z,77.245,77.245,77.164,77.208,273.51083,bitstamp
1787134500000,2026-08-19T10:15:00.000Z,77.185,77.254,77.163,77.196,554.17676,bitstamp
1787135400000,2026-08-19T10:30:00.000Z,77.194,77.317,77.17,77.304,588.86748,bitstamp
1787136300000,2026-08-19T10:45:00.000Z,77.294,77.32,77.213,77.32,391.67598,bitstamp
1787137200000,2026-08-19T11:00:00.000Z,77.311,77.521,77.311,77.493,3163.79754,bitstamp
1787138100000,2026-08-19T11:15:00.000Z,77.494,77.541,77.431,77.521,1889.482,bitstamp
1787139000000,2026-08-19T11:30:00.000Z,77.523,77.526,77.396,77.396,1533.11919,bitstamp
1787139900000,2026-08-19T11:45:00.000Z,77.398,77.49,77.398,77.466,1130.12666,bitstamp
1787140800000,2026-08-19T12:00:00.000Z,77.466,77.48,77.367,77.398,898.09533,bitstamp
1787141700000,2026-08-19T12:15:00.000Z,77.389,77.47,77.37,77.45,1940.01999,bitstamp
1787142600000,2026-08-19T12:30:00.000Z,77.452,78.018,77.447,78.011,4376.7836,bitstamp
1787143500000,2026-08-19T12:45:00.000Z,78.004,78.666,77.955,78.343,7495.03248,bitstamp
1787144400000,2026-08-19T13:00:00.000Z,78.333,78.333,78.11,78.24,5496.84362,bitstamp
1787145300000,2026-08-19T13:15:00.000Z,78.236,78.497,78.236,78.468,6834.25945,bitstamp
1787146200000,2026-08-19T13:30:00.000Z,78.464,78.629,78.279,78.461,10596.75615,bitstamp
1787147100000,2026-08-19T13:45:00.000Z,78.437,78.526,78.297,78.334,4257.62831,bitstamp
1787148000000,2026-08-19T14:00:00.000Z,78.352,78.625,78.308,78.563,4562.18951,bitstamp
1787148900000,2026-08-19T14:15:00.000Z,78.558,78.711,78.454,78.504,3211.99819,bitstamp
1787149800000,2026-08-19T14:30:00.000Z,78.487,79.01,78.409,78.969,4238.10594,bitstamp
1787150700000,2026-08-19T14:45:00.000Z,78.969,80.936,78.938,80.804,17188.8671,bitstamp
1787151600000,2026-08-19T15:00:00.000Z,80.818,82.073,80.629,81.343,28540.09315,bitstamp
1787152500000,2026-08-19T15:15:00.000Z,81.327,82.855,80.835,81.919,24369.21893,bitstamp
1787153400000,2026-08-19T15:30:00.000Z,82.05,82.528,81.527,82.237,26335.60971,bitstamp
1787154300000,2026-08-19T15:45:00.000Z,82.246,82.302,81.552,81.805,21038.96575,bitstamp
1787155200000,2026-08-19T16:00:00.000Z,81.805,82.288,81.649,81.87,8963.32266,bitstamp
1787156100000,2026-08-19T16:15:00.000Z,81.871,82.111,81.765,82.057,5439.90666,bitstamp
1787157000000,2026-08-19T16:30:00.000Z,82.002,82.025,81.782,81.85,4882.48588,bitstamp
1787157900000,2026-08-19T16:45:00.000Z,81.839,81.93,81.525,81.567,4851.80209,bitstamp
1787158800000,2026-08-19T17:00:00.000Z,81.553,81.611,81.309,81.32,3365.66886,bitstamp
1787159700000,2026-08-19T17:15:00.000Z,81.328,81.36,81.014,81.195,2855.99982,bitstamp
1787160600000,2026-08-19T17:30:00.000Z,81.208,81.391,80.957,81.383,5649.716,bitstamp
1787161500000,2026-08-19T17:45:00.000Z,81.394,81.673,81.394,81.621,6719.82886,bitstamp
1787162400000,2026-08-19T18:00:00.000Z,81.623,81.673,81.231,81.49,4024.17371,bitstamp
1787163300000,2026-08-19T18:15:00.000Z,81.46,81.975,81.442,81.95,3728.44685,bitstamp
1787164200000,2026-08-19T18:30:00.000Z,81.92,82.175,81.885,82.12,4719.81405,bitstamp
1787165100000,2026-08-19T18:45:00.000Z,82.12,82.276,82.043,82.258,3265.47469,bitstamp
1787166000000,2026-08-19T19:00:00.000Z,82.216,82.366,81.988,82.05,6836.41873,bitstamp
1787166900000,2026-08-19T19:15:00.000Z,82.042,82.474,82.042,82.166,8741.192,bitstamp
1787167800000,2026-08-19T19:30:00.000Z,82.173,82.3,82.081,82.27,3044.37221,bitstamp
1787168700000,2026-08-19T19:45:00.000Z,82.277,82.418,82.198,82.31,3584.19746,bitstamp
1787169600000,2026-08-19T20:00:00.000Z,82.362,82.483,82.261,82.388,2985.83185,bitstamp
1787170500000,2026-08-19T20:15:00.000Z,82.389,82.536,82.297,82.483,3856.75714,bitstamp
1787171400000,2026-08-19T20:30:00.000Z,82.506,82.651,82.448,82.623,4058.16606,bitstamp
1787172300000,2026-08-19T20:45:00.000Z,82.6,84.3,82.561,83.711,15989.23976,bitstamp
1787173200000,2026-08-19T21:00:00.000Z,83.718,87.217,83.714,86.075,39851.58379,bitstamp
1787174100000,2026-08-19T21:15:00.000Z,86.11,87.165,85.921,86.982,33650.49061,bitstamp
1787175000000,2026-08-19T21:30:00.000Z,86.981,87.162,86.194,86.537,19014.01259,bitstamp
1787175900000,2026-08-19T21:45:00.000Z,86.603,87.138,86.405,86.597,16467.72572,bitstamp
1787176800000,2026-08-19T22:00:00.000Z,86.614,86.819,85.562,85.755,17981.04933,bitstamp
1787177700000,2026-08-19T22:15:00.000Z,85.718,86.016,85.283,85.329,10795.43515,bitstamp
1787178600000,2026-08-19T22:30:00.000Z,85.318,85.934,84.921,85.65,18632.50349,bitstamp
1787179500000,2026-08-19T22:45:00.000Z,85.629,85.629,85.064,85.44,6052.40116,bitstamp
1787180400000,2026-08-19T23:00:00.000Z,85.436,85.536,85.276,85.331,3132.26423,bitstamp
1787181300000,2026-08-19T23:15:00.000Z,85.309,85.497,85.242,85.457,3091.27274,bitstamp
1787182200000,2026-08-19T23:30:00.000Z,85.393,85.686,85.097,85.567,5103.01056,bitstamp
1787183100000,2026-08-19T23:45:00.000Z,85.551,85.551,84.997,85.331,3002.82803,bitstamp
1787184000000,2026-08-20T00:00:00.000Z,85.336,85.59,85.264,85.429,4181.28755,bitstamp
1787184900000,2026-08-20T00:15:00.000Z,85.446,85.71,85.383,85.585,3884.8482,bitstamp
1787185800000,2026-08-20T00:30:00.000Z,85.596,85.655,85.345,85.474,2928.54335,bitstamp
1787186700000,2026-08-20T00:45:00.000Z,85.447,85.625,84.858,84.913,4792.51302,bitstamp
1787187600000,2026-08-20T01:00:00.000Z,84.929,85.082,84.614,84.785,4318.93702,bitstamp
1787188500000,2026-08-20T01:15:00.000Z,84.769,84.919,84.626,84.705,5310.56094,bitstamp
1787189400000,2026-08-20T01:30:00.000Z,84.702,84.989,84.648,84.989,3150.86686,bitstamp
1787190300000,2026-08-20T01:45:00.000Z,85.02,85.344,85.02,85.299,2570.30941,bitstamp
1787191200000,2026-08-20T02:00:00.000Z,85.311,85.388,85.114,85.251,1471.09628,bitstamp
1787192100000,2026-08-20T02:15:00.000Z,85.24,85.258,85.009,85.019,1712.07533,bitstamp
1787193000000,2026-08-20T02:30:00.000Z,85.019,85.065,84.813,84.814,2256.53477,bitstamp
1787193900000,2026-08-20T02:45:00.000Z,84.791,84.817,84.64,84.713,2149.13309,bitstamp
1787194800000,2026-08-20T03:00:00.000Z,84.712,84.714,83.917,84.18,12395.05669,bitstamp
1787195700000,2026-08-20T03:15:00.000Z,84.177,84.551,84.177,84.215,2202.48157,bitstamp
1787196600000,2026-08-20T03:30:00.000Z,84.215,84.491,84.215,84.461,2490.06487,bitstamp
1787197500000,2026-08-20T03:45:00.000Z,84.46,84.611,84.438,84.438,533.61784,bitstamp
1787198400000,2026-08-20T04:00:00.000Z,84.411,84.651,84.401,84.562,1764.59808,bitstamp
1787199300000,2026-08-20T04:15:00.000Z,84.563,84.638,84.448,84.475,2198.49306,bitstamp
1787200200000,2026-08-20T04:30:00.000Z,84.483,84.549,84.367,84.518,927.57846,bitstamp
1787201100000,2026-08-20T04:45:00.000Z,84.528,84.88,84.528,84.786,3867.37284,bitstamp
1787202000000,2026-08-20T05:00:00.000Z,84.776,84.907,84.747,84.807,2804.57884,bitstamp
1787202900000,2026-08-20T05:15:00.000Z,84.801,85.005,84.801,84.851,908.43771,bitstamp
1787203800000,2026-08-20T05:30:00.000Z,84.853,84.969,84.831,84.939,986.0883,bitstamp
1787204700000,2026-08-20T05:45:00.000Z,84.944,84.944,84.757,84.886,1067.39162,bitstamp
1787205600000,2026-08-20T06:00:00.000Z,84.903,84.906,84.654,84.764,1714.01514,bitstamp
1787206500000,2026-08-20T06:15:00.000Z,84.743,85.385,84.719,85.381,3633.13043,bitstamp
1787207400000,2026-08-20T06:30:00.000Z,85.356,85.752,85.231,85.719,4579.11338,bitstamp
1787208300000,2026-08-20T06:45:00.000Z,85.725,85.864,85.654,85.85,2347.36216,bitstamp
1787209200000,2026-08-20T07:00:00.000Z,85.827,85.948,85.751,85.862,3306.80618,bitstamp
1787210100000,2026-08-20T07:15:00.000Z,85.865,86.006,85.717,85.983,3098.26452,bitstamp
1787211000000,2026-08-20T07:30:00.000Z,85.943,86.066,85.73,85.824,1729.72027,bitstamp
1787211900000,2026-08-20T07:45:00.000Z,85.798,86.103,85.734,86.103,2093.73225,bitstamp
1787212800000,2026-08-20T08:00:00.000Z,86.104,87.435,86.018,87.364,8154.3309,bitstamp
1787213700000,2026-08-20T08:15:00.000Z,87.342,87.557,86.996,87.499,11939.9466,bitstamp
1787214600000,2026-08-20T08:30:00.000Z,87.489,87.822,87.314,87.822,7050.62583,bitstamp
1787215500000,2026-08-20T08:45:00.000Z,87.821,87.89,87.432,87.437,5872.26016,bitstamp
1787216400000,2026-08-20T09:00:00.000Z,87.467,87.565,87.213,87.565,6706.85366,bitstamp
1787217300000,2026-08-20T09:15:00.000Z,87.591,87.729,87.467,87.467,5345.68786,bitstamp
1787218200000,2026-08-20T09:30:00.000Z,87.458,87.632,87.282,87.497,5813.96058,bitstamp
1787219100000,2026-08-20T09:45:00.000Z,87.487,87.523,87.023,87.276,4754.93742,bitstamp
1787220000000,2026-08-20T10:00:00.000Z,87.276,87.489,87.158,87.489,4323.2134,bitstamp
1787220900000,2026-08-20T10:15:00.000Z,87.507,87.723,87.308,87.38,5291.8251,bitstamp
1787221800000,2026-08-20T10:30:00.000Z,87.362,87.384,87.03,87.052,8982.13206,bitstamp
1787222700000,2026-08-20T10:45:00.000Z,87.056,87.394,86.955,87.394,2763.89459,bitstamp
1787223600000,2026-08-20T11:00:00.000Z,87.371,87.38,87.035,87.108,3210.27124,bitstamp
1787224500000,2026-08-20T11:15:00.000Z,87.066,87.287,87.05,87.135,2236.50408,bitstamp
1787225400000,2026-08-20T11:30:00.000Z,87.107,88.03,87.1,87.67,14606.66155,bitstamp
1787226300000,2026-08-20T11:45:00.000Z,87.67,87.824,87.214,87.214,8104.44486,bitstamp
1787227200000,2026-08-20T12:00:00.000Z,87.15,87.349,86.547,86.789,6034.18436,bitstamp
1787228100000,2026-08-20T12:15:00.000Z,86.759,86.934,86.69,86.883,3763.18559,bitstamp
1787229000000,2026-08-20T12:30:00.000Z,86.878,87.006,86.635,86.673,3709.45546,bitstamp
1787229900000,2026-08-20T12:45:00.000Z,86.677,87.065,86.488,87,3582.49222,bitstamp
1787230800000,2026-08-20T13:00:00.000Z,87.011,87.296,86.965,87.221,6506.02048,bitstamp
1787231700000,2026-08-20T13:15:00.000Z,87.216,87.412,86.904,86.982,6262.26029,bitstamp
1787232600000,2026-08-20T13:30:00.000Z,86.93,86.937,86.197,86.676,9940.68042,bitstamp
1787233500000,2026-08-20T13:45:00.000Z,86.7,86.735,86.293,86.497,5504.59099,bitstamp
1787234400000,2026-08-20T14:00:00.000Z,86.491,86.816,86.377,86.512,6396.67144,bitstamp
1787235300000,2026-08-20T14:15:00.000Z,86.522,86.527,86.169,86.237,3841.34426,bitstamp
1787236200000,2026-08-20T14:30:00.000Z,86.236,86.532,86.236,86.309,2936.68842,bitstamp
1787237100000,2026-08-20T14:45:00.000Z,86.327,86.521,86.092,86.521,2358.0463,bitstamp
1787238000000,2026-08-20T15:00:00.000Z,86.552,87.261,86.501,86.982,8152.55894,bitstamp
1787238900000,2026-08-20T15:15:00.000Z,86.978,87.087,86.602,86.967,7275.82811,bitstamp
1787239800000,2026-08-20T15:30:00.000Z,86.989,87.259,86.682,86.801,3959.15493,bitstamp
1787240700000,2026-08-20T15:45:00.000Z,86.8,87.398,86.731,87.324,7995.61114,bitstamp
1787241600000,2026-08-20T16:00:00.000Z,87.327,87.352,87.036,87.104,10415.1579,bitstamp
1787242500000,2026-08-20T16:15:00.000Z,87.114,87.169,86.833,87.055,1881.2521,bitstamp
1787243400000,2026-08-20T16:30:00.000Z,87.069,87.66,86.9,87.471,4902.21649,bitstamp
1787244300000,2026-08-20T16:45:00.000Z,87.45,87.797,87.358,87.717,6938.84501,bitstamp
1787245200000,2026-08-20T17:00:00.000Z,87.706,87.838,87.318,87.379,7833.78458,bitstamp
1787246100000,2026-08-20T17:15:00.000Z,87.38,87.643,87.255,87.569,2159.04527,bitstamp
1787247000000,2026-08-20T17:30:00.000Z,87.571,87.743,87.455,87.51,2483.15393,bitstamp
1787247900000,2026-08-20T17:45:00.000Z,87.491,87.89,87.474,87.479,5037.54429,bitstamp
1787248800000,2026-08-20T18:00:00.000Z,87.469,87.601,86.901,86.997,8266.82439,bitstamp
1787249700000,2026-08-20T18:15:00.000Z,86.976,87.335,86.806,87.202,4879.00183,bitstamp
1787250600000,2026-08-20T18:30:00.000Z,87.181,87.229,86.654,86.802,6754.77727,bitstamp
1787251500000,2026-08-20T18:45:00.000Z,86.833,87.07,86.819,86.85,5380.56765,bitstamp
1787252400000,2026-08-20T19:00:00.000Z,86.843,87.373,86.843,87.177,7808.72306,bitstamp
1787253300000,2026-08-20T19:15:00.000Z,87.162,87.444,87.136,87.286,7497.8377,bitstamp
1787254200000,2026-08-20T19:30:00.000Z,87.28,87.499,87.123,87.408,11283.67693,bitstamp
1787255100000,2026-08-20T19:45:00.000Z,87.408,87.454,87.101,87.282,9173.14293,bitstamp
1787256000000,2026-08-20T20:00:00.000Z,87.292,87.43,87.235,87.353,2350.73337,bitstamp
1787256900000,2026-08-20T20:15:00.000Z,87.338,87.44,87.234,87.396,3487.34739,bitstamp
1787257800000,2026-08-20T20:30:00.000Z,87.397,87.621,87.397,87.483,5397.27951,bitstamp
1787258700000,2026-08-20T20:45:00.000Z,87.484,87.555,87.399,87.548,1979.2513,bitstamp
1787259600000,2026-08-20T21:00:00.000Z,87.556,87.847,87.548,87.712,2167.62803,bitstamp
1787260500000,2026-08-20T21:15:00.000Z,87.677,87.761,87.408,87.421,2695.3096,bitstamp
1787261400000,2026-08-20T21:30:00.000Z,87.436,87.693,87.433,87.505,1178.48825,bitstamp
1787262300000,2026-08-20T21:45:00.000Z,87.509,87.562,87.435,87.468,2263.26715,bitstamp
1787263200000,2026-08-20T22:00:00.000Z,87.443,87.46,87.227,87.374,4624.90768,bitstamp
1787264100000,2026-08-20T22:15:00.000Z,87.37,87.561,87.251,87.427,7073.54801,bitstamp
1787265000000,2026-08-20T22:30:00.000Z,87.427,87.451,87.23,87.233,6247.0904,bitstamp
1787265900000,2026-08-20T22:45:00.000Z,87.233,87.406,87.19,87.206,1973.64678,bitstamp
1787266800000,2026-08-20T23:00:00.000Z,87.217,87.43,87.201,87.41,2491.01588,bitstamp
1787267700000,2026-08-20T23:15:00.000Z,87.41,87.9,87.349,87.817,6799.90992,bitstamp
1787268600000,2026-08-20T23:30:00.000Z,87.828,87.967,87.54,87.611,1806.40443,bitstamp
1787269500000,2026-08-20T23:45:00.000Z,87.588,87.691,87.54,87.622,3611.93384,bitstamp
1787270400000,2026-08-21T00:00:00.000Z,87.622,87.938,87.544,87.938,3792.53593,bitstamp
1787271300000,2026-08-21T00:15:00.000Z,87.917,88.768,87.764,88.361,12090.41877,bitstamp
1787272200000,2026-08-21T00:30:00.000Z,88.345,88.631,87.773,87.922,4990.7189,bitstamp
1787273100000,2026-08-21T00:45:00.000Z,87.913,88.407,87.791,88.222,11210.51357,bitstamp
1787274000000,2026-08-21T01:00:00.000Z,88.194,88.4,88.1,88.319,6214.50019,bitstamp
1787274900000,2026-08-21T01:15:00.000Z,88.344,89.02,88.19,88.357,21334.42359,bitstamp
1787275800000,2026-08-21T01:30:00.000Z,88.357,88.688,88.245,88.443,7043.02192,bitstamp
1787276700000,2026-08-21T01:45:00.000Z,88.446,89.454,88.405,88.974,15672.60093,bitstamp
1787277600000,2026-08-21T02:00:00.000Z,88.971,89.741,88.491,89.166,10366.87913,bitstamp
1787278500000,2026-08-21T02:15:00.000Z,89.163,89.388,88.851,89.388,10304.21395,bitstamp
1787279400000,2026-08-21T02:30:00.000Z,89.377,90.167,88.913,89.639,14765.76673,bitstamp
1787280300000,2026-08-21T02:45:00.000Z,89.653,89.669,89.118,89.223,10268.46104,bitstamp
1787281200000,2026-08-21T03:00:00.000Z,89.229,89.333,88.724,89.094,7312.32355,bitstamp
1787282100000,2026-08-21T03:15:00.000Z,89.097,89.353,88.908,89.327,5848.75619,bitstamp
1787283000000,2026-08-21T03:30:00.000Z,89.322,89.414,89.083,89.145,5446.77156,bitstamp
1787283900000,2026-08-21T03:45:00.000Z,89.146,89.489,89.071,89.071,5451.6102,bitstamp
1787284800000,2026-08-21T04:00:00.000Z,89.067,89.423,89.011,89.025,3067.29592,bitstamp
1787285700000,2026-08-21T04:15:00.000Z,89.033,89.329,88.804,88.905,6884.77122,bitstamp
1787286600000,2026-08-21T04:30:00.000Z,88.896,89.176,88.829,89.101,3496.55678,bitstamp
1787287500000,2026-08-21T04:45:00.000Z,89.066,89.447,89.066,89.407,3865.50065,bitstamp
1787288400000,2026-08-21T05:00:00.000Z,89.385,89.613,89.145,89.613,2250.33174,bitstamp
1787289300000,2026-08-21T05:15:00.000Z,89.578,89.949,89.403,89.608,3697.96056,bitstamp
1787290200000,2026-08-21T05:30:00.000Z,89.592,90.109,89.521,90.097,5300.67235,bitstamp
1787291100000,2026-08-21T05:45:00.000Z,90.104,90.662,90.104,90.388,5560.87716,bitstamp
1787292000000,2026-08-21T06:00:00.000Z,90.4,91.283,90.286,90.697,10011.86801,bitstamp
1787292900000,2026-08-21T06:15:00.000Z,90.711,90.82,89.992,90.039,6100.18322,bitstamp
1787293800000,2026-08-21T06:30:00.000Z,90.03,90.409,90.005,90.006,5263.94921,bitstamp
1787294700000,2026-08-21T06:45:00.000Z,90,90.403,89.725,90.198,5642.03908,bitstamp
1787295600000,2026-08-21T07:00:00.000Z,90.16,90.748,90.16,90.748,4427.72278,bitstamp
1787296500000,2026-08-21T07:15:00.000Z,90.774,91.128,90.148,90.252,18549.75062,bitstamp
1787297400000,2026-08-21T07:30:00.000Z,90.251,90.708,89.924,90.552,14636.31754,bitstamp
1787298300000,2026-08-21T07:45:00.000Z,90.541,90.682,90.271,90.363,10781.04261,bitstamp
1787299200000,2026-08-21T08:00:00.000Z,90.372,90.967,90.325,90.705,9085.64911,bitstamp
1787300100000,2026-08-21T08:15:00.000Z,90.691,91.486,90.691,91.307,13383.67283,bitstamp
1787301000000,2026-08-21T08:30:00.000Z,91.34,92.154,91.233,92.107,12597.294,bitstamp
1787301900000,2026-08-21T08:45:00.000Z,92.115,93.367,92.102,93.199,16681.02524,bitstamp
1787302800000,2026-08-21T09:00:00.000Z,93.25,93.283,90.314,91.383,31709.99168,bitstamp
1787303700000,2026-08-21T09:15:00.000Z,91.341,91.526,90.835,91.157,14576.84615,bitstamp
1787304600000,2026-08-21T09:30:00.000Z,91.174,91.944,91,91.858,9918.20469,bitstamp
1787305500000,2026-08-21T09:45:00.000Z,91.842,92.141,91.271,91.676,14606.24744,bitstamp
1787306400000,2026-08-21T10:00:00.000Z,91.644,91.688,91.12,91.262,7945.89182,bitstamp
1787307300000,2026-08-21T10:15:00.000Z,91.25,91.655,90.838,91.236,8129.75374,bitstamp
1787308200000,2026-08-21T10:30:00.000Z,91.272,91.365,90.853,91.35,5933.10734,bitstamp
1787309100000,2026-08-21T10:45:00.000Z,91.355,91.649,91.355,91.469,2757.76274,bitstamp
1787310000000,2026-08-21T11:00:00.000Z,91.47,91.577,90.487,91.055,10509.92108,bitstamp
1787310900000,2026-08-21T11:15:00.000Z,91.102,91.102,90.669,90.957,20909.37365,bitstamp
1787311800000,2026-08-21T11:30:00.000Z,90.967,90.986,89.893,90.439,13211.5848,bitstamp
1787312700000,2026-08-21T11:45:00.000Z,90.469,90.578,90.071,90.26,10232.83389,bitstamp
1787313600000,2026-08-21T12:00:00.000Z,90.26,90.469,89.985,90.433,10628.05638,bitstamp
1787314500000,2026-08-21T12:15:00.000Z,90.387,90.388,90.182,90.267,3642.95932,bitstamp
1787315400000,2026-08-21T12:30:00.000Z,90.224,91.074,90.209,91.045,5915.65103,bitstamp
1787316300000,2026-08-21T12:45:00.000Z,91.032,91.095,90.784,90.814,2447.72752,bitstamp
1787317200000,2026-08-21T13:00:00.000Z,90.85,90.957,90.667,90.852,5349.17655,bitstamp
1787318100000,2026-08-21T13:15:00.000Z,90.853,90.853,90.419,90.713,10139.02305,bitstamp
1787319000000,2026-08-21T13:30:00.000Z,90.696,90.998,89.818,90.935,17947.21617,bitstamp
1787319900000,2026-08-21T13:45:00.000Z,90.936,91.306,90.809,91.1,10241.5706,bitstamp
1787320800000,2026-08-21T14:00:00.000Z,90.991,91.053,90.524,90.907,7185.70063,bitstamp
1787321700000,2026-08-21T14:15:00.000Z,90.92,91.35,90.741,91.257,11840.35524,bitstamp
1787322600000,2026-08-21T14:30:00.000Z,91.278,91.654,91.111,91.461,8688.25799,bitstamp
1787323500000,2026-08-21T14:45:00.000Z,91.456,91.919,91.449,91.868,4571.60039,bitstamp
1787324400000,2026-08-21T15:00:00.000Z,91.833,92.111,91.647,91.834,5902.97389,bitstamp
1787325300000,2026-08-21T15:15:00.000Z,91.844,91.967,91.483,91.545,6255.16137,bitstamp
1787326200000,2026-08-21T15:30:00.000Z,91.546,91.766,91.336,91.566,4360.21617,bitstamp
1787327100000,2026-08-21T15:45:00.000Z,91.566,91.661,91.22,91.286,9370.29081,bitstamp
1787328000000,2026-08-21T16:00:00.000Z,91.335,91.468,90.749,90.749,4966.17945,bitstamp
1787328900000,2026-08-21T16:15:00.000Z,90.742,91.48,90.742,91.479,4892.9622,bitstamp
1787329800000,2026-08-21T16:30:00.000Z,91.47,91.555,91.297,91.365,3898.26997,bitstamp
1787330700000,2026-08-21T16:45:00.000Z,91.347,91.9,91.328,91.602,6729.97043,bitstamp
1787331600000,2026-08-21T17:00:00.000Z,91.62,91.894,91.483,91.7,6332.88158,bitstamp
1787332500000,2026-08-21T17:15:00.000Z,91.702,91.702,91.151,91.506,3280.00742,bitstamp
1787333400000,2026-08-21T17:30:00.000Z,91.51,91.959,91.51,91.566,4370.81928,bitstamp
1787334300000,2026-08-21T17:45:00.000Z,91.566,91.879,91.516,91.756,2036.17199,bitstamp
1787335200000,2026-08-21T18:00:00.000Z,91.766,92.031,91.728,91.841,3382.2679,bitstamp
1787336100000,2026-08-21T18:15:00.000Z,91.806,92.029,91.647,91.874,3752.15691,bitstamp
1787337000000,2026-08-21T18:30:00.000Z,91.838,91.959,91.3,91.396,4448.4464,bitstamp
1787337900000,2026-08-21T18:45:00.000Z,91.357,91.573,91.034,91.543,5921.09974,bitstamp
1787338800000,2026-08-21T19:00:00.000Z,91.541,91.592,90.832,91.291,2762.4998,bitstamp
1787339700000,2026-08-21T19:15:00.000Z,91.281,91.355,90.902,91.284,2945.87757,bitstamp
1787340600000,2026-08-21T19:30:00.000Z,91.304,91.325,90.766,90.83,3558.24534,bitstamp
1787341500000,2026-08-21T19:45:00.000Z,90.778,91.038,90.743,90.901,3503.94788,bitstamp
1787342400000,2026-08-21T20:00:00.000Z,90.921,91.305,90.52,91.181,5980.16042,bitstamp
1787343300000,2026-08-21T20:15:00.000Z,91.182,91.947,91.182,91.778,3535.72515,bitstamp
1787344200000,2026-08-21T20:30:00.000Z,91.789,91.907,91.622,91.838,3003.92475,bitstamp
1787345100000,2026-08-21T20:45:00.000Z,91.822,91.849,91.531,91.839,4969.02143,bitstamp
1787346000000,2026-08-21T21:00:00.000Z,91.849,92.408,91.645,92.282,13023.53568,bitstamp
1787346900000,2026-08-21T21:15:00.000Z,92.219,92.947,92.134,92.785,11470.70331,bitstamp
1787347800000,2026-08-21T21:30:00.000Z,92.787,93.067,92.596,93.024,10116.575,bitstamp
1787348700000,2026-08-21T21:45:00.000Z,93.038,93.838,93.038,93.712,11750.43393,bitstamp
1787349600000,2026-08-21T22:00:00.000Z,93.722,94.357,93.569,94.075,13357.32487,bitstamp
1787350500000,2026-08-21T22:15:00.000Z,94.036,94.153,93.452,94.119,13036.03449,bitstamp
1787351400000,2026-08-21T22:30:00.000Z,94.196,94.46,93.289,94.37,6762.54682,bitstamp
1787352300000,2026-08-21T22:45:00.000Z,94.283,94.602,93.601,94.303,8869.52549,bitstamp
1787353200000,2026-08-21T23:00:00.000Z,94.304,94.332,93.874,94.098,13587.66405,bitstamp
1787354100000,2026-08-21T23:15:00.000Z,94.057,95,94.057,94.435,15579.6914,bitstamp
1787355000000,2026-08-21T23:30:00.000Z,94.429,94.485,93.6,93.96,10426.40676,bitstamp
1787355900000,2026-08-21T23:45:00.000Z,93.984,93.987,93.372,93.714,3162.5528,bitstamp
1787356800000,2026-08-22T00:00:00.000Z,93.715,93.958,92.87,93.572,7634.96542,bitstamp
1787357700000,2026-08-22T00:15:00.000Z,93.553,94.407,93.408,93.67,8069.13207,bitstamp
1787358600000,2026-08-22T00:30:00.000Z,93.638,93.885,93.393,93.516,5706.82067,bitstamp
1787359500000,2026-08-22T00:45:00.000Z,93.524,93.935,93.386,93.874,6323.81792,bitstamp
1787360400000,2026-08-22T01:00:00.000Z,93.857,94.185,93.73,93.992,5344.98828,bitstamp
1787361300000,2026-08-22T01:15:00.000Z,93.999,94.263,93.767,94.035,6297.13739,bitstamp
1787362200000,2026-08-22T01:30:00.000Z,94.029,94.416,93.629,93.712,5730.85317,bitstamp
1787363100000,2026-08-22T01:45:00.000Z,93.726,94.026,93.475,93.663,4506.12789,bitstamp
1787364000000,2026-08-22T02:00:00.000Z,93.673,94.295,93.673,94.219,3077.89882,bitstamp
1787364900000,2026-08-22T02:15:00.000Z,94.222,95.008,94.198,94.83,11570.7933,bitstamp
1787365800000,2026-08-22T02:30:00.000Z,94.83,95.723,94.623,95.666,15383.82592,bitstamp
1787366700000,2026-08-22T02:45:00.000Z,95.656,95.676,95.23,95.62,9072.64668,bitstamp
1787367600000,2026-08-22T03:00:00.000Z,95.614,96.468,95.473,95.975,17406.54003,bitstamp
1787368500000,2026-08-22T03:15:00.000Z,95.981,97.093,95.981,96.835,17694.61265,bitstamp
1787369400000,2026-08-22T03:30:00.000Z,96.824,97.556,96.405,96.7,6109.74029,bitstamp
1787370300000,2026-08-22T03:45:00.000Z,96.68,97.299,96.597,96.712,4535.2376,bitstamp
1787371200000,2026-08-22T04:00:00.000Z,96.794,97.162,96.198,97.162,5899.83574,bitstamp
1787372100000,2026-08-22T04:15:00.000Z,97.186,97.929,96.665,97.929,11588.50915,bitstamp
1787373000000,2026-08-22T04:30:00.000Z,97.96,102.611,97.85,102.23,19061.04285,bitstamp
1787373900000,2026-08-22T04:45:00.000Z,102.086,102.086,98.791,99.126,18117.10657,bitstamp
1787374800000,2026-08-22T05:00:00.000Z,99.126,99.94,87.77,93.3,14755.48396,bitstamp
1787375700000,2026-08-22T05:15:00.000Z,93.427,94.451,90.737,94.013,17684.47965,bitstamp
1787376600000,2026-08-22T05:30:00.000Z,94.033,94.738,92.912,93.575,12993.84943,bitstamp
1787377500000,2026-08-22T05:45:00.000Z,93.57,94.8,93.386,94.171,8410.26154,bitstamp
1787378400000,2026-08-22T06:00:00.000Z,94.154,94.444,93.443,93.571,9468.96111,bitstamp
1787379300000,2026-08-22T06:15:00.000Z,93.56,94.312,93.554,93.886,7437.00332,bitstamp
1787380200000,2026-08-22T06:30:00.000Z,93.854,95.1,93.054,94.58,7362.0298,bitstamp
1787381100000,2026-08-22T06:45:00.000Z,94.566,94.819,94.066,94.257,9085.10568,bitstamp
1787382000000,2026-08-22T07:00:00.000Z,94.243,95.117,94.108,94.403,12601.2964,bitstamp
1787382900000,2026-08-22T07:15:00.000Z,94.431,95.014,94.046,95,5125.79705,bitstamp
1787383800000,2026-08-22T07:30:00.000Z,95.008,95.454,94.385,94.819,5398.71142,bitstamp
1787384700000,2026-08-22T07:45:00.000Z,94.775,94.897,94.376,94.427,4416.00449,bitstamp
1787385600000,2026-08-22T08:00:00.000Z,94.476,94.946,94.047,94.872,5271.35136,bitstamp
1787386500000,2026-08-22T08:15:00.000Z,94.89,94.984,93.688,93.777,8883.74175,bitstamp
1787387400000,2026-08-22T08:30:00.000Z,93.788,93.799,93.063,93.649,8729.10879,bitstamp
1787388300000,2026-08-22T08:45:00.000Z,93.614,94.103,93.245,94.084,4068.28432,bitstamp
1787389200000,2026-08-22T09:00:00.000Z,94.099,94.19,92.918,94.18,4712.242,bitstamp
1787390100000,2026-08-22T09:15:00.000Z,94.248,94.508,93.938,94.273,5123.0306,bitstamp
1787391000000,2026-08-22T09:30:00.000Z,94.188,94.396,94.042,94.257,3103.85955,bitstamp
1787391900000,2026-08-22T09:45:00.000Z,94.257,94.283,93.62,93.887,5677.35833,bitstamp
1787392800000,2026-08-22T10:00:00.000Z,93.893,93.975,92.104,92.144,8197.43333,bitstamp
1787393700000,2026-08-22T10:15:00.000Z,92.161,92.462,91.33,92.389,13714.82817,bitstamp
1787394600000,2026-08-22T10:30:00.000Z,92.432,93.338,92.288,93.232,3542.2434,bitstamp
1787395500000,2026-08-22T10:45:00.000Z,93.293,93.307,92.665,92.861,6762.06432,bitstamp
1787396400000,2026-08-22T11:00:00.000Z,92.862,93.195,92.562,92.784,9347.78606,bitstamp
1787397300000,2026-08-22T11:15:00.000Z,92.761,93.075,92.567,92.994,10796.1134,bitstamp
1787398200000,2026-08-22T11:30:00.000Z,92.975,93.458,92.884,93.433,7453.17135,bitstamp
1787399100000,2026-08-22T11:45:00.000Z,93.442,93.508,93.136,93.28,5401.66566,bitstamp
1787400000000,2026-08-22T12:00:00.000Z,93.295,93.935,93.142,93.838,9022.71923,bitstamp
1787400900000,2026-08-22T12:15:00.000Z,93.87,94.321,93.849,94.208,6935.60861,bitstamp
1787401800000,2026-08-22T12:30:00.000Z,94.208,94.231,93.83,94.212,5172.3105,bitstamp
1787402700000,2026-08-22T12:45:00.000Z,94.202,94.265,93.828,93.828,4304.13842,bitstamp
1787403600000,2026-08-22T13:00:00.000Z,93.819,93.971,93.529,93.897,6129.12144,bitstamp
1787404500000,2026-08-22T13:15:00.000Z,93.907,94.181,93.609,93.824,7550.51009,bitstamp
1787405400000,2026-08-22T13:30:00.000Z,93.85,93.964,93.565,93.778,6096.03455,bitstamp
1787406300000,2026-08-22T13:45:00.000Z,93.786,94.226,93.725,94.096,2757.45835,bitstamp
1787407200000,2026-08-22T14:00:00.000Z,94.113,94.284,93.618,93.772,4532.7736,bitstamp
1787408100000,2026-08-22T14:15:00.000Z,93.802,93.901,93.44,93.846,5173.79464,bitstamp
1787409000000,2026-08-22T14:30:00.000Z,93.838,94.018,93.272,93.296,5031.95267,bitstamp
1787409900000,2026-08-22T14:45:00.000Z,93.274,93.457,92.891,93.238,8557.213,bitstamp
1787410800000,2026-08-22T15:00:00.000Z,93.235,93.465,92.939,92.951,7147.10269,bitstamp
1787411700000,2026-08-22T15:15:00.000Z,92.888,93.334,92.809,93.237,4352.24686,bitstamp
1787412600000,2026-08-22T15:30:00.000Z,93.232,93.544,93.169,93.252,3588.029,bitstamp
1787413500000,2026-08-22T15:45:00.000Z,93.261,93.343,92.978,93.07,3687.78082,bitstamp
1787414400000,2026-08-22T16:00:00.000Z,93.059,93.5,93.059,93.415,1509.74405,bitstamp
1787415300000,2026-08-22T16:15:00.000Z,93.398,94.03,93.398,93.907,3727.01626,bitstamp
1787416200000,2026-08-22T16:30:00.000Z,93.86,94.618,93.859,94.496,10200.00615,bitstamp
1787417100000,2026-08-22T16:45:00.000Z,94.491,94.631,94.264,94.283,3378.78338,bitstamp
1787418000000,2026-08-22T17:00:00.000Z,94.303,94.514,94.092,94.208,4335.68975,bitstamp
1787418900000,2026-08-22T17:15:00.000Z,94.214,94.377,93.761,93.784,1996.13389,bitstamp
1787419800000,2026-08-22T17:30:00.000Z,93.82,94.28,93.82,94.255,2610.52731,bitstamp
1787420700000,2026-08-22T17:45:00.000Z,94.259,94.531,94.213,94.246,1239.64813,bitstamp
1787421600000,2026-08-22T18:00:00.000Z,94.246,94.363,94.042,94.15,1871.53874,bitstamp
1787422500000,2026-08-22T18:15:00.000Z,94.138,94.516,94.138,94.364,1894.0059,bitstamp
1787423400000,2026-08-22T18:30:00.000Z,94.369,94.503,94.159,94.159,934.49255,bitstamp
1787424300000,2026-08-22T18:45:00.000Z,94.189,94.453,94.011,94.442,2217.8144,bitstamp
1787425200000,2026-08-22T19:00:00.000Z,94.44,94.565,94.266,94.553,1326.99675,bitstamp
1787426100000,2026-08-22T19:15:00.000Z,94.553,94.682,94.309,94.389,1434.73741,bitstamp
1787427000000,2026-08-22T19:30:00.000Z,94.402,94.813,94.402,94.739,8222.53426,bitstamp
1787427900000,2026-08-22T19:45:00.000Z,94.739,94.764,94.477,94.499,2006.81582,bitstamp
1787428800000,2026-08-22T20:00:00.000Z,94.491,94.777,94.401,94.706,2474.70235,bitstamp
1787429700000,2026-08-22T20:15:00.000Z,94.684,94.767,94.395,94.501,728.03772,bitstamp
1787430600000,2026-08-22T20:30:00.000Z,94.479,94.645,94.338,94.496,1354.03083,bitstamp
1787431500000,2026-08-22T20:45:00.000Z,94.498,94.544,94.303,94.402,1130.26835,bitstamp
1787432400000,2026-08-22T21:00:00.000Z,94.367,94.367,93.482,93.504,3636.26855,bitstamp
1787433300000,2026-08-22T21:15:00.000Z,93.504,93.933,93.504,93.826,1605.07703,bitstamp
1787434200000,2026-08-22T21:30:00.000Z,93.825,93.831,93.065,93.325,1479.44203,bitstamp
1787435100000,2026-08-22T21:45:00.000Z,93.351,93.351,92.72,92.873,2852.00268,bitstamp
1787436000000,2026-08-22T22:00:00.000Z,92.786,93.659,92.598,93.586,4561.53809,bitstamp
1787436900000,2026-08-22T22:15:00.000Z,93.586,93.965,93.504,93.897,4229.82319,bitstamp
1787437800000,2026-08-22T22:30:00.000Z,93.895,93.999,93.514,93.748,3497.33921,bitstamp
1787438700000,2026-08-22T22:45:00.000Z,93.748,93.966,93.558,93.606,1898.33519,bitstamp
1787439600000,2026-08-22T23:00:00.000Z,93.608,93.779,93.345,93.586,2481.92128,bitstamp
1787440500000,2026-08-22T23:15:00.000Z,93.608,93.74,93.534,93.579,2170.94069,bitstamp
1787441400000,2026-08-22T23:30:00.000Z,93.58,93.69,93.346,93.645,2695.14664,bitstamp
1787442300000,2026-08-22T23:45:00.000Z,93.641,93.972,93.634,93.842,1302.00199,bitstamp
1787443200000,2026-08-23T00:00:00.000Z,93.801,93.999,93.571,93.801,2344.72423,bitstamp
1787444100000,2026-08-23T00:15:00.000Z,93.754,94.291,93.708,94.281,1655.40897,bitstamp
1787445000000,2026-08-23T00:30:00.000Z,94.283,97.173,94.283,96.366,15690.47403,bitstamp
1787445900000,2026-08-23T00:45:00.000Z,96.356,97.2,96.093,96.302,10770.93761,bitstamp
1787446800000,2026-08-23T01:00:00.000Z,96.352,96.352,95.756,96.238,6497.10302,bitstamp
1787447700000,2026-08-23T01:15:00.000Z,96.238,96.238,95.775,96.065,2539.85322,bitstamp
1787448600000,2026-08-23T01:30:00.000Z,96.069,96.242,95.67,96.131,2035.84531,bitstamp
1787449500000,2026-08-23T01:45:00.000Z,96.085,96.558,95.768,96.035,7900.05475,bitstamp
1787450400000,2026-08-23T02:00:00.000Z,96.04,96.239,94.029,94.39,5079.20845,bitstamp
1787451300000,2026-08-23T02:15:00.000Z,94.375,94.882,94.144,94.47,3978.08839,bitstamp
1787452200000,2026-08-23T02:30:00.000Z,94.45,94.836,94.45,94.487,2892.15005,bitstamp
1787453100000,2026-08-23T02:45:00.000Z,94.478,96.508,94.32,94.9,14658.8874,bitstamp
1787454000000,2026-08-23T03:00:00.000Z,94.884,95,94.497,94.855,2802.64752,bitstamp
1787454900000,2026-08-23T03:15:00.000Z,94.88,94.998,94.185,94.255,3093.39072,bitstamp
1787455800000,2026-08-23T03:30:00.000Z,94.219,94.219,93.418,93.515,4979.81563,bitstamp
1787456700000,2026-08-23T03:45:00.000Z,93.496,93.956,93.496,93.687,1710.51581,bitstamp
1787457600000,2026-08-23T04:00:00.000Z,93.697,94.059,93.161,94.05,3529.71462,bitstamp
1787458500000,2026-08-23T04:15:00.000Z,94.082,94.082,93.252,93.565,4571.82246,bitstamp
1787459400000,2026-08-23T04:30:00.000Z,93.588,93.588,92.82,92.921,5721.8836,bitstamp
1787460300000,2026-08-23T04:45:00.000Z,92.979,92.981,92.216,92.553,5952.35761,bitstamp
1787461200000,2026-08-23T05:00:00.000Z,92.525,92.893,92.139,92.194,7881.93158,bitstamp
1787462100000,2026-08-23T05:15:00.000Z,92.184,93.269,91.557,93.003,9194.96847,bitstamp
1787463000000,2026-08-23T05:30:00.000Z,93.018,93.197,92.546,92.661,5326.42733,bitstamp
1787463900000,2026-08-23T05:45:00.000Z,92.689,92.795,92.312,92.312,1613.88343,bitstamp
1787464800000,2026-08-23T06:00:00.000Z,92.259,92.466,91.794,92.331,3968.08652,bitstamp
1787465700000,2026-08-23T06:15:00.000Z,92.277,92.505,92.104,92.27,3669.5049,bitstamp
1787466600000,2026-08-23T06:30:00.000Z,92.377,92.755,92.342,92.428,2376.52985,bitstamp
1787467500000,2026-08-23T06:45:00.000Z,92.489,92.559,91.993,92.232,2431.6065,bitstamp
1787468400000,2026-08-23T07:00:00.000Z,92.191,92.618,92.139,92.601,2106.99102,bitstamp
1787469300000,2026-08-23T07:15:00.000Z,92.611,92.928,92.611,92.717,1677.22683,bitstamp
1787470200000,2026-08-23T07:30:00.000Z,92.686,92.7,92.406,92.475,1393.87725,bitstamp
1787471100000,2026-08-23T07:45:00.000Z,92.546,92.725,92.337,92.423,1928.08394,bitstamp
1787472000000,2026-08-23T08:00:00.000Z,92.449,92.96,92.331,92.784,4044.39686,bitstamp
1787472900000,2026-08-23T08:15:00.000Z,92.806,92.934,92.774,92.87,2129.42954,bitstamp
1787473800000,2026-08-23T08:30:00.000Z,92.878,93.502,92.809,93.296,3804.6918,bitstamp
1787474700000,2026-08-23T08:45:00.000Z,93.289,93.337,93.024,93.158,3077.24132,bitstamp
1787475600000,2026-08-23T09:00:00.000Z,93.163,93.396,93.106,93.235,1080.10728,bitstamp
1787476500000,2026-08-23T09:15:00.000Z,93.299,93.34,93.111,93.237,2048.3282,bitstamp
1787477400000,2026-08-23T09:30:00.000Z,93.196,93.255,92.882,93.241,1625.14321,bitstamp
1787478300000,2026-08-23T09:45:00.000Z,93.21,93.51,93.135,93.32,1164.63623,bitstamp
1787479200000,2026-08-23T10:00:00.000Z,93.272,93.774,93.272,93.686,2320.23234,bitstamp
1787480100000,2026-08-23T10:15:00.000Z,93.796,94.089,93.676,93.682,3096.98738,bitstamp
1787481000000,2026-08-23T10:30:00.000Z,93.737,93.889,93.637,93.788,1833.5051,bitstamp
1787481900000,2026-08-23T10:45:00.000Z,93.765,93.831,93.575,93.625,1552.33172,bitstamp
1787482800000,2026-08-23T11:00:00.000Z,93.632,93.867,93.542,93.867,1547.74769,bitstamp
1787483700000,2026-08-23T11:15:00.000Z,93.845,94.539,93.726,94.318,2775.9136,bitstamp
1787484600000,2026-08-23T11:30:00.000Z,94.284,94.781,94.284,94.683,2646.27306,bitstamp
1787485500000,2026-08-23T11:45:00.000Z,94.672,94.703,94.512,94.62,2031.34143,bitstamp
1787486400000,2026-08-23T12:00:00.000Z,94.622,94.622,94.085,94.234,2340.40272,bitstamp
1787487300000,2026-08-23T12:15:00.000Z,94.316,94.56,94.281,94.475,947.64133,bitstamp
1787488200000,2026-08-23T12:30:00.000Z,94.486,94.779,94.453,94.716,1853.69931,bitstamp
1787489100000,2026-08-23T12:45:00.000Z,94.712,94.712,94.402,94.568,969.41543,bitstamp
1787490000000,2026-08-23T13:00:00.000Z,94.559,94.917,94.559,94.89,2795.47828,bitstamp
1787490900000,2026-08-23T13:15:00.000Z,94.873,95.793,94.873,95.018,9185.30166,bitstamp
1787491800000,2026-08-23T13:30:00.000Z,95.04,95.274,94.848,95.274,2254.64673,bitstamp
1787492700000,2026-08-23T13:45:00.000Z,95.288,95.528,95.154,95.383,3191.02741,bitstamp
1787493600000,2026-08-23T14:00:00.000Z,95.374,95.669,95.076,95.508,4393.93636,bitstamp
1787494500000,2026-08-23T14:15:00.000Z,95.51,95.651,95.173,95.359,4325.82759,bitstamp
1787495400000,2026-08-23T14:30:00.000Z,95.356,95.488,93.4,94.402,9547.56346,bitstamp
1787496300000,2026-08-23T14:45:00.000Z,94.423,95.16,94.423,95.024,6601.50359,bitstamp
1787497200000,2026-08-23T15:00:00.000Z,95.044,95.433,94.672,95.271,6013.25264,bitstamp
1787498100000,2026-08-23T15:15:00.000Z,95.265,95.453,94.855,95.413,6062.88665,bitstamp
1787499000000,2026-08-23T15:30:00.000Z,95.442,95.858,95.442,95.7,5258.31238,bitstamp
1787499900000,2026-08-23T15:45:00.000Z,95.668,95.738,95.293,95.357,3838.59376,bitstamp
1787500800000,2026-08-23T16:00:00.000Z,95.383,95.526,95.264,95.435,3342.97744,bitstamp
1787501700000,2026-08-23T16:15:00.000Z,95.408,95.415,95.16,95.392,1878.56577,bitstamp
1787502600000,2026-08-23T16:30:00.000Z,95.406,95.686,95.373,95.538,5210.18912,bitstamp
1787503500000,2026-08-23T16:45:00.000Z,95.523,95.608,95.292,95.384,5311.51046,bitstamp
1787504400000,2026-08-23T17:00:00.000Z,95.437,95.459,94.83,95.366,4356.31875,bitstamp
1787505300000,2026-08-23T17:15:00.000Z,95.365,95.506,95.089,95.15,2653.2592,bitstamp
1787506200000,2026-08-23T17:30:00.000Z,95.162,95.21,94.807,95.104,4557.26133,bitstamp
1787507100000,2026-08-23T17:45:00.000Z,95.132,95.26,95.054,95.109,1011.76765,bitstamp
1787508000000,2026-08-23T18:00:00.000Z,95.094,95.351,94.929,95.214,1675.96795,bitstamp
1787508900000,2026-08-23T18:15:00.000Z,95.217,95.433,95.109,95.378,2483.09151,bitstamp
1787509800000,2026-08-23T18:30:00.000Z,95.353,95.385,95.106,95.281,2534.7016,bitstamp
1787510700000,2026-08-23T18:45:00.000Z,95.248,95.33,95.101,95.262,1486.88318,bitstamp
1787511600000,2026-08-23T19:00:00.000Z,95.305,95.414,94.924,95.039,2924.74007,bitstamp
1787512500000,2026-08-23T19:15:00.000Z,95.036,95.116,94.954,95.054,1354.20593,bitstamp
1787513400000,2026-08-23T19:30:00.000Z,95.056,95.307,94.825,95.307,3209.66993,bitstamp
1787514300000,2026-08-23T19:45:00.000Z,95.283,95.448,95.033,95.033,3125.52748,bitstamp
1787515200000,2026-08-23T20:00:00.000Z,95.011,95.124,94.784,95.028,5647.45687,bitstamp
1787516100000,2026-08-23T20:15:00.000Z,95.01,95.367,95.01,95.235,1916.29614,bitstamp
1787517000000,2026-08-23T20:30:00.000Z,95.253,95.333,95.126,95.148,3338.21285,bitstamp
1787517900000,2026-08-23T20:45:00.000Z,95.174,95.174,95.016,95.055,1132.90166,bitstamp
1787518800000,2026-08-23T21:00:00.000Z,95.082,95.725,95.081,95.614,5394.38999,bitstamp
1787519700000,2026-08-23T21:15:00.000Z,95.641,96.176,95.641,96.136,6770.2992,bitstamp
1787520600000,2026-08-23T21:30:00.000Z,96.136,96.261,95.199,95.266,6762.10336,bitstamp
1787521500000,2026-08-23T21:45:00.000Z,95.329,95.664,95.233,95.35,4914.2776,bitstamp
1787522400000,2026-08-23T22:00:00.000Z,95.358,95.695,94.814,95.289,5869.71767,bitstamp
1787523300000,2026-08-23T22:15:00.000Z,95.251,95.74,95.086,95.553,3179.74528,bitstamp
1787524200000,2026-08-23T22:30:00.000Z,95.551,95.68,95.4,95.532,2692.96821,bitstamp
1787525100000,2026-08-23T22:45:00.000Z,95.528,95.7,95.324,95.59,3568.76421,bitstamp
1787526000000,2026-08-23T23:00:00.000Z,95.595,95.647,95.039,95.161,2840.53934,bitstamp
1787526900000,2026-08-23T23:15:00.000Z,95.177,95.632,95.018,95.472,4625.12656,bitstamp
1787527800000,2026-08-23T23:30:00.000Z,95.502,95.87,95.014,95.189,4464.38244,bitstamp
1787528700000,2026-08-23T23:45:00.000Z,95.197,95.593,95.164,95.408,7184.89721,bitstamp
1787529600000,2026-08-24T00:00:00.000Z,95.437,95.501,94.934,95.176,4650.40678,bitstamp
1787530500000,2026-08-24T00:15:00.000Z,95.212,95.212,93.855,94.498,8477.52315,bitstamp
1787531400000,2026-08-24T00:30:00.000Z,94.523,95.074,94.347,94.36,5866.26551,bitstamp
1787532300000,2026-08-24T00:45:00.000Z,94.355,95.51,94.162,95.51,9293.78335,bitstamp
1787533200000,2026-08-24T01:00:00.000Z,95.534,95.534,94.891,94.937,5028.83026,bitstamp
1787534100000,2026-08-24T01:15:00.000Z,94.884,94.923,94.505,94.518,2891.58189,bitstamp
1787535000000,2026-08-24T01:30:00.000Z,94.462,94.646,94.19,94.21,3292.44182,bitstamp
1787535900000,2026-08-24T01:45:00.000Z,94.23,94.287,93.737,93.863,7251.81828,bitstamp
1787536800000,2026-08-24T02:00:00.000Z,93.841,94.523,93.688,94.427,2526.25264,bitstamp
1787537700000,2026-08-24T02:15:00.000Z,94.483,94.764,94.483,94.721,5970.37185,bitstamp
1787538600000,2026-08-24T02:30:00.000Z,94.778,95.01,94.622,94.698,1915.10159,bitstamp
1787539500000,2026-08-24T02:45:00.000Z,94.703,94.703,94.027,94.571,5870.77195,bitstamp
1787540400000,2026-08-24T03:00:00.000Z,94.583,94.635,93.857,93.867,8884.15489,bitstamp
1787541300000,2026-08-24T03:15:00.000Z,93.851,94.236,93.768,93.79,3458.30813,bitstamp
1787542200000,2026-08-24T03:30:00.000Z,93.757,94.001,93.443,93.742,4643.20697,bitstamp
1787543100000,2026-08-24T03:45:00.000Z,93.734,94.088,93.67,93.67,6084.83017,bitstamp
1787544000000,2026-08-24T04:00:00.000Z,93.67,94.053,93.67,93.957,5649.04646,bitstamp
1787544900000,2026-08-24T04:15:00.000Z,93.968,94.304,93.968,94.284,2736.3623,bitstamp
1787545800000,2026-08-24T04:30:00.000Z,94.29,94.323,93.972,94.228,6374.44577,bitstamp
1787546700000,2026-08-24T04:45:00.000Z,94.259,94.345,93.675,94.216,6708.0036,bitstamp
1787547600000,2026-08-24T05:00:00.000Z,94.182,94.556,93.891,94.507,7497.669,bitstamp
1787548500000,2026-08-24T05:15:00.000Z,94.547,94.65,93.984,94.043,6993.53848,bitstamp
1787549400000,2026-08-24T05:30:00.000Z,94.056,94.369,93.48,94.133,5367.49953,bitstamp
1787550300000,2026-08-24T05:45:00.000Z,94.142,94.33,94.003,94.292,2656.66777,bitstamp
1787551200000,2026-08-24T06:00:00.000Z,94.322,94.389,93.82,94.352,5384.49341,bitstamp
1787552100000,2026-08-24T06:15:00.000Z,94.338,94.444,94.134,94.3,4800.28393,bitstamp
1787553000000,2026-08-24T06:30:00.000Z,94.216,94.244,93.875,93.989,780.49975,bitstamp
1787553900000,2026-08-24T06:45:00.000Z,93.954,94.65,93.954,94.502,3213.66726,bitstamp
1787554800000,2026-08-24T07:00:00.000Z,94.516,95.443,94.516,95.327,5621.31776,bitstamp
1787555700000,2026-08-24T07:15:00.000Z,95.316,95.316,94.336,94.364,2181.27782,bitstamp
1787556600000,2026-08-24T07:30:00.000Z,94.308,94.378,93.973,94.026,1978.79074,bitstamp
1787557500000,2026-08-24T07:45:00.000Z,94.102,94.427,94.031,94.1,2868.62378,bitstamp
1787558400000,2026-08-24T08:00:00.000Z,94.1,94.335,93.939,94.036,2485.88586,bitstamp
1787559300000,2026-08-24T08:15:00.000Z,93.995,93.995,93.234,93.358,15190.27043,bitstamp
1787560200000,2026-08-24T08:30:00.000Z,93.351,93.891,93.34,93.891,2343.16511,bitstamp
1787561100000,2026-08-24T08:45:00.000Z,93.964,94.064,93.806,93.93,3345.84419,bitstamp
1787562000000,2026-08-24T09:00:00.000Z,93.863,94.542,93.863,94.531,3325.38313,bitstamp
1787562900000,2026-08-24T09:15:00.000Z,94.543,94.66,94.307,94.608,1381.70641,bitstamp
1787563800000,2026-08-24T09:30:00.000Z,94.609,94.869,94.609,94.663,1225.43348,bitstamp
1787564700000,2026-08-24T09:45:00.000Z,94.682,94.793,94.638,94.648,1086.44238,bitstamp
1787565600000,2026-08-24T10:00:00.000Z,94.608,95.054,94.573,95,5445.34918,bitstamp
1787566500000,2026-08-24T10:15:00.000Z,95.017,95.017,94.762,94.762,2672.85951,bitstamp
1787567400000,2026-08-24T10:30:00.000Z,94.846,94.965,94.724,94.791,2071.4005,bitstamp
1787568300000,2026-08-24T10:45:00.000Z,94.781,94.863,94.561,94.671,1207.41862,bitstamp
1787569200000,2026-08-24T11:00:00.000Z,94.684,94.701,94.234,94.665,1830.58963,bitstamp
1787570100000,2026-08-24T11:15:00.000Z,94.655,94.915,94.506,94.863,1802.52925,bitstamp
1787571000000,2026-08-24T11:30:00.000Z,94.881,96.237,94.836,96.223,7672.12175,bitstamp
1787571900000,2026-08-24T11:45:00.000Z,96.23,96.282,95.466,95.851,7460.64738,bitstamp
1787572800000,2026-08-24T12:00:00.000Z,95.801,95.801,95.247,95.304,4321.10537,bitstamp
1787573700000,2026-08-24T12:15:00.000Z,95.319,95.584,94.278,95.42,6915.64518,bitstamp
1787574600000,2026-08-24T12:30:00.000Z,95.394,96.089,95.3,95.963,8057.2383,bitstamp
1787575500000,2026-08-24T12:45:00.000Z,95.936,96.616,95.933,96.244,8943.25751,bitstamp
1787576400000,2026-08-24T13:00:00.000Z,96.272,96.523,95.869,96.356,7467.38458,bitstamp
1787577300000,2026-08-24T13:15:00.000Z,96.366,96.416,95.994,96.024,4107.34528,bitstamp
1787578200000,2026-08-24T13:30:00.000Z,96.06,96.06,94.541,94.854,37473.04606,bitstamp
1787579100000,2026-08-24T13:45:00.000Z,94.798,95.073,94.267,95.018,16014.81876,bitstamp
1787580000000,2026-08-24T14:00:00.000Z,94.991,95.649,94.814,95.633,10402.17791,bitstamp
1787580900000,2026-08-24T14:15:00.000Z,95.633,96.092,95.28,95.748,5585.46895,bitstamp
1787581800000,2026-08-24T14:30:00.000Z,95.749,96.669,95.721,96.453,6922.64101,bitstamp
1787582700000,2026-08-24T14:45:00.000Z,96.457,96.535,95.745,96.057,9143.41988,bitstamp
1787583600000,2026-08-24T15:00:00.000Z,96.074,96.515,96,96.281,3495.03779,bitstamp
1787584500000,2026-08-24T15:15:00.000Z,96.231,97.559,96.231,97.297,8056.01482,bitstamp
1787585400000,2026-08-24T15:30:00.000Z,97.297,97.297,96.214,96.496,10195.26421,bitstamp
1787586300000,2026-08-24T15:45:00.000Z,96.481,96.83,96.167,96.438,8046.61025,bitstamp
1787587200000,2026-08-24T16:00:00.000Z,96.438,97.088,96.438,96.818,4979.95457,bitstamp
1787588100000,2026-08-24T16:15:00.000Z,96.793,97.565,96.713,97.043,5982.095,bitstamp
1787589000000,2026-08-24T16:30:00.000Z,97.051,97.353,96.618,96.715,6528.33672,bitstamp
1787589900000,2026-08-24T16:45:00.000Z,96.716,96.768,95.8,96.05,11165.08628,bitstamp
1787590800000,2026-08-24T17:00:00.000Z,96.056,96.177,95.267,95.903,20470.45537,bitstamp
1787591700000,2026-08-24T17:15:00.000Z,95.903,96.098,94.829,94.901,16267.18693,bitstamp
1787592600000,2026-08-24T17:30:00.000Z,94.923,95.337,94.862,94.862,7184.83514,bitstamp
1787593500000,2026-08-24T17:45:00.000Z,94.852,95.395,94.815,95.385,5044.45895,bitstamp
1787594400000,2026-08-24T18:00:00.000Z,95.412,96.064,95.409,95.982,5279.33009,bitstamp
1787595300000,2026-08-24T18:15:00.000Z,95.996,96.42,95.981,96.277,4682.50536,bitstamp
1787596200000,2026-08-24T18:30:00.000Z,96.292,96.425,95.79,96.198,4112.38815,bitstamp
1787597100000,2026-08-24T18:45:00.000Z,96.231,96.338,95.759,95.923,2438.9684,bitstamp
1787598000000,2026-08-24T19:00:00.000Z,95.949,96.271,95.414,95.82,7836.10887,bitstamp
1787598900000,2026-08-24T19:15:00.000Z,95.807,95.946,95.43,95.927,6590.64651,bitstamp
1787599800000,2026-08-24T19:30:00.000Z,95.938,96.512,95.872,96.253,4780.04342,bitstamp
1787600700000,2026-08-24T19:45:00.000Z,96.252,96.628,96.076,96.505,7667.73968,bitstamp
1787601600000,2026-08-24T20:00:00.000Z,96.534,96.608,96.075,96.223,2428.86611,bitstamp
1787602500000,2026-08-24T20:15:00.000Z,96.195,96.195,95.777,95.949,1504.70287,bitstamp
1787603400000,2026-08-24T20:30:00.000Z,95.951,96.735,95.875,96.592,3463.41224,bitstamp
1787604300000,2026-08-24T20:45:00.000Z,96.547,96.576,96.333,96.516,747.23593,bitstamp
1787605200000,2026-08-24T21:00:00.000Z,96.536,96.975,96.536,96.884,3869.10791,bitstamp
1787606100000,2026-08-24T21:15:00.000Z,96.876,96.876,96.598,96.76,1770.70053,bitstamp
1787607000000,2026-08-24T21:30:00.000Z,96.844,96.952,96.768,96.908,397.5164,bitstamp
1787607900000,2026-08-24T21:45:00.000Z,96.881,97.558,96.857,97.502,5653.56083,bitstamp
1787608800000,2026-08-24T22:00:00.000Z,97.476,97.821,97.207,97.431,2587.69501,bitstamp
1787609700000,2026-08-24T22:15:00.000Z,97.431,97.674,97.377,97.484,1576.10189,bitstamp
1787610600000,2026-08-24T22:30:00.000Z,97.536,98.644,97.532,97.681,7431.85632,bitstamp
1787611500000,2026-08-24T22:45:00.000Z,97.662,97.962,97.35,97.432,3169.5217,bitstamp
1787612400000,2026-08-24T23:00:00.000Z,97.433,97.89,97.267,97.554,1977.16134,bitstamp
1787613300000,2026-08-24T23:15:00.000Z,97.593,98.457,97.51,98.219,1774.52195,bitstamp
1787614200000,2026-08-24T23:30:00.000Z,98.318,98.807,98.054,98.573,3437.10639,bitstamp
1787615100000,2026-08-24T23:45:00.000Z,98.533,98.961,98.226,98.961,8475.4519,bitstamp
1787616000000,2026-08-25T00:00:00.000Z,98.934,101.764,98.564,100.524,21081.75369,bitstamp
1787616900000,2026-08-25T00:15:00.000Z,100.524,100.525,99.416,99.697,8669.95879,bitstamp
1787617800000,2026-08-25T00:30:00.000Z,99.722,102.029,99.553,101.882,11730.91989,bitstamp
1787618700000,2026-08-25T00:45:00.000Z,101.844,102.765,101.377,101.699,6655.96895,bitstamp
1787619600000,2026-08-25T01:00:00.000Z,101.801,102.351,101.562,101.81,2681.17308,bitstamp
1787620500000,2026-08-25T01:15:00.000Z,101.748,102.5,101.454,102.082,5254.99299,bitstamp
1787621400000,2026-08-25T01:30:00.000Z,102.085,102.293,100.887,100.957,3793.83843,bitstamp
1787622300000,2026-08-25T01:45:00.000Z,100.933,101.274,100.111,100.459,5152.20578,bitstamp
1787623200000,2026-08-25T02:00:00.000Z,100.469,100.621,100.242,100.378,4830.35252,bitstamp
1787624100000,2026-08-25T02:15:00.000Z,100.354,102.26,100.25,102.255,7106.50887,bitstamp
1787625000000,2026-08-25T02:30:00.000Z,102.207,102.235,101.595,101.655,3696.00624,bitstamp
1787625900000,2026-08-25T02:45:00.000Z,101.598,101.716,100.749,100.932,2148.12433,bitstamp
1787626800000,2026-08-25T03:00:00.000Z,100.876,101.573,100.874,101.439,3406.48577,bitstamp
1787627700000,2026-08-25T03:15:00.000Z,101.437,101.76,101.243,101.558,5190.20196,bitstamp
1787628600000,2026-08-25T03:30:00.000Z,101.578,102.018,101.428,101.428,2316.81286,bitstamp
1787629500000,2026-08-25T03:45:00.000Z,101.426,101.795,101.224,101.426,1759.50255,bitstamp
1787630400000,2026-08-25T04:00:00.000Z,101.544,101.703,100.995,101.533,5430.17311,bitstamp
1787631300000,2026-08-25T04:15:00.000Z,101.532,101.701,101.216,101.415,7777.65195,bitstamp
1787632200000,2026-08-25T04:30:00.000Z,101.401,101.52,100.846,100.931,10312.42421,bitstamp
1787633100000,2026-08-25T04:45:00.000Z,100.833,101.326,100.8,101.308,3390.38253,bitstamp
1787634000000,2026-08-25T05:00:00.000Z,101.296,102.014,101.217,101.866,6343.77307,bitstamp
1787634900000,2026-08-25T05:15:00.000Z,101.805,102.971,101.75,102.588,3513.8046,bitstamp
1787635800000,2026-08-25T05:30:00.000Z,102.613,102.613,101.7,101.708,7869.21504,bitstamp
1787636700000,2026-08-25T05:45:00.000Z,101.683,102.437,101.683,101.863,3582.47466,bitstamp
1787637600000,2026-08-25T06:00:00.000Z,101.883,101.997,101.395,101.697,3105.24206,bitstamp
1787638500000,2026-08-25T06:15:00.000Z,101.706,102.061,101.519,101.584,3936.00002,bitstamp
1787639400000,2026-08-25T06:30:00.000Z,101.493,101.493,101.04,101.1,4910.97478,bitstamp
1787640300000,2026-08-25T06:45:00.000Z,101.106,101.118,100.431,100.687,2075.64607,bitstamp
1787641200000,2026-08-25T07:00:00.000Z,100.691,101.626,100.587,101.413,5486.80044,bitstamp
1787642100000,2026-08-25T07:15:00.000Z,101.394,101.887,101.265,101.625,4270.85563,bitstamp
1787643000000,2026-08-25T07:30:00.000Z,101.61,101.653,101.353,101.653,2531.4118,bitstamp
1787643900000,2026-08-25T07:45:00.000Z,101.668,101.723,99.548,100.248,4899.69489,bitstamp
1787644800000,2026-08-25T08:00:00.000Z,100.222,100.394,99.732,100.229,3371.30227,bitstamp
1787645700000,2026-08-25T08:15:00.000Z,100.24,101.058,100.24,101.001,3816.479,bitstamp
1787646600000,2026-08-25T08:30:00.000Z,101.07,101.07,100.225,100.668,3228.86625,bitstamp
1787647500000,2026-08-25T08:45:00.000Z,100.73,100.737,100.343,100.343,3211.24245,bitstamp
1787648400000,2026-08-25T09:00:00.000Z,100.387,100.44,99.982,100.334,2795.11311,bitstamp
1787649300000,2026-08-25T09:15:00.000Z,100.331,100.516,100.022,100.121,2215.99761,bitstamp
1787650200000,2026-08-25T09:30:00.000Z,100.127,100.632,100.127,100.423,2506.57273,bitstamp
1787651100000,2026-08-25T09:45:00.000Z,100.415,100.536,99.3,99.76,8867.73269,bitstamp
1787652000000,2026-08-25T10:00:00.000Z,99.831,99.861,99.157,99.399,4191.10251,bitstamp
1787652900000,2026-08-25T10:15:00.000Z,99.451,99.741,99.271,99.514,3252.70566,bitstamp
1787653800000,2026-08-25T10:30:00.000Z,99.53,99.646,99.296,99.574,2725.25228,bitstamp
1787654700000,2026-08-25T10:45:00.000Z,99.575,99.848,99.51,99.629,2673.58122,bitstamp
1787655600000,2026-08-25T11:00:00.000Z,99.625,99.68,98.828,98.964,5511.93107,bitstamp
1787656500000,2026-08-25T11:15:00.000Z,98.98,99.101,98.523,98.82,2834.88662,bitstamp
1787657400000,2026-08-25T11:30:00.000Z,98.9,99.198,98.709,98.709,2787.98632,bitstamp
1787658300000,2026-08-25T11:45:00.000Z,98.664,98.811,98.532,98.568,3511.87511,bitstamp
1787659200000,2026-08-25T12:00:00.000Z,98.641,98.794,97.824,98.519,5705.14886,bitstamp
1787660100000,2026-08-25T12:15:00.000Z,98.489,98.489,97.468,98.165,6689.6673,bitstamp
1787661000000,2026-08-25T12:30:00.000Z,98.185,98.342,97.828,98.242,3043.88527,bitstamp
1787661900000,2026-08-25T12:45:00.000Z,98.258,98.704,98.224,98.613,2510.95374,bitstamp
1787662800000,2026-08-25T13:00:00.000Z,98.578,98.791,98.066,98.094,6041.52475,bitstamp
1787663700000,2026-08-25T13:15:00.000Z,98.096,98.123,96.653,96.961,8051.69083,bitstamp
1787664600000,2026-08-25T13:30:00.000Z,96.892,98.143,96.892,97.448,7319.56301,bitstamp
1787665500000,2026-08-25T13:45:00.000Z,97.527,97.527,96.232,97.095,10173.17945,bitstamp
1787666400000,2026-08-25T14:00:00.000Z,97.138,97.935,96.888,97.718,6385.59353,bitstamp
1787667300000,2026-08-25T14:15:00.000Z,97.742,98.193,97.384,98.046,7621.08781,bitstamp
1787668200000,2026-08-25T14:30:00.000Z,97.983,98.402,97.686,97.999,10482.22747,bitstamp
1787669100000,2026-08-25T14:45:00.000Z,98,98.356,98,98.199,4167.70944,bitstamp
1787670000000,2026-08-25T15:00:00.000Z,98.235,98.299,97.755,97.805,4284.43283,bitstamp
1787670900000,2026-08-25T15:15:00.000Z,97.728,98.09,97.631,97.964,3785.97155,bitstamp
1787671800000,2026-08-25T15:30:00.000Z,97.969,98.451,97.867,98.087,5023.26845,bitstamp
1787672700000,2026-08-25T15:45:00.000Z,98.077,98.413,97.841,98.378,2869.48249,bitstamp
1787673600000,2026-08-25T16:00:00.000Z,98.388,98.575,98.019,98.082,2799.4608,bitstamp
1787674500000,2026-08-25T16:15:00.000Z,98.056,98.277,97.78,98.074,3423.58189,bitstamp
1787675400000,2026-08-25T16:30:00.000Z,98.054,98.647,98.022,98.392,2823.98435,bitstamp
1787676300000,2026-08-25T16:45:00.000Z,98.396,98.592,98.122,98.209,5374.40917,bitstamp
1787677200000,2026-08-25T17:00:00.000Z,98.21,98.22,97.459,97.668,4373.99547,bitstamp
1787678100000,2026-08-25T17:15:00.000Z,97.674,98.011,97.525,97.598,2904.46847,bitstamp
1787679000000,2026-08-25T17:30:00.000Z,97.619,98.105,97.619,98.019,2992.60892,bitstamp
1787679900000,2026-08-25T17:45:00.000Z,98.042,98.21,97.986,98.181,2887.79084,bitstamp
1787680800000,2026-08-25T18:00:00.000Z,98.194,98.534,98.067,98.485,3739.78609,bitstamp
1787681700000,2026-08-25T18:15:00.000Z,98.468,98.826,98.412,98.711,2232.21913,bitstamp
1787682600000,2026-08-25T18:30:00.000Z,98.707,98.711,98.459,98.646,2151.37936,bitstamp
1787683500000,2026-08-25T18:45:00.000Z,98.692,98.771,98.367,98.487,1595.19957,bitstamp
1787684400000,2026-08-25T19:00:00.000Z,98.521,98.632,98.268,98.51,986.51979,bitstamp
1787685300000,2026-08-25T19:15:00.000Z,98.504,98.59,97.878,97.906,1672.58747,bitstamp
1787686200000,2026-08-25T19:30:00.000Z,97.855,97.991,97.467,97.517,3493.71319,bitstamp
1787687100000,2026-08-25T19:45:00.000Z,97.586,97.965,97.576,97.948,3103.3129,bitstamp
1787688000000,2026-08-25T20:00:00.000Z,97.97,98.047,97.073,97.725,4326.2102,bitstamp
1787688900000,2026-08-25T20:15:00.000Z,97.701,98.027,97.697,97.712,4235.74912,bitstamp
1787689800000,2026-08-25T20:30:00.000Z,97.675,97.724,96.8,96.968,3517.09901,bitstamp
1787690700000,2026-08-25T20:45:00.000Z,96.989,97.124,96.638,96.665,6518.19453,bitstamp
1787691600000,2026-08-25T21:00:00.000Z,96.673,96.932,95.38,96.511,5585.58742,bitstamp
1787692500000,2026-08-25T21:15:00.000Z,96.511,96.745,96.146,96.707,3105.11099,bitstamp
1787693400000,2026-08-25T21:30:00.000Z,96.711,97.254,96.63,97.074,2400.02793,bitstamp
1787694300000,2026-08-25T21:45:00.000Z,97.064,97.269,97.027,97.259,1377.10296,bitstamp
1787695200000,2026-08-25T22:00:00.000Z,97.183,97.637,97.183,97.637,1569.42053,bitstamp
1787696100000,2026-08-25T22:15:00.000Z,97.634,97.761,97.172,97.343,2389.44629,bitstamp
1787697000000,2026-08-25T22:30:00.000Z,97.344,97.531,97.216,97.27,889.62582,bitstamp
1787697900000,2026-08-25T22:45:00.000Z,97.257,97.373,97.203,97.212,1343.5374,bitstamp
1787698800000,2026-08-25T23:00:00.000Z,97.209,97.404,96.986,97.161,1531.00745,bitstamp
1787699700000,2026-08-25T23:15:00.000Z,97.175,97.287,96.863,97.088,1078.25239,bitstamp
1787700600000,2026-08-25T23:30:00.000Z,97.072,97.072,96.553,96.741,3375.95483,bitstamp
1787701500000,2026-08-25T23:45:00.000Z,96.723,96.757,96.388,96.576,2333.48087,bitstamp
1787702400000,2026-08-26T00:00:00.000Z,96.63,96.781,96.195,96.231,3233.58426,bitstamp
1787703300000,2026-08-26T00:15:00.000Z,96.22,96.52,96.219,96.52,4048.9435,bitstamp
1787704200000,2026-08-26T00:30:00.000Z,96.532,96.716,96.185,96.516,2646.3122,bitstamp
1787705100000,2026-08-26T00:45:00.000Z,96.518,96.931,96.434,96.657,1708.5618,bitstamp
1787706000000,2026-08-26T01:00:00.000Z,96.659,97.25,96.646,96.909,1525.14539,bitstamp
1787706900000,2026-08-26T01:15:00.000Z,96.907,97.081,96.779,96.807,1749.44976,bitstamp
1787707800000,2026-08-26T01:30:00.000Z,96.779,97.25,96.77,97.043,1476.4054,bitstamp
1787708700000,2026-08-26T01:45:00.000Z,97.058,97.081,96.926,96.988,1192.65186,bitstamp
1787709600000,2026-08-26T02:00:00.000Z,97.032,97.067,96.798,96.913,1775.84745,bitstamp
1787710500000,2026-08-26T02:15:00.000Z,96.952,97.523,96.912,97.518,1222.12066,bitstamp
1787711400000,2026-08-26T02:30:00.000Z,97.531,97.531,97.311,97.401,2175.15968,bitstamp
1787712300000,2026-08-26T02:45:00.000Z,97.349,97.415,97.159,97.28,1175.9147,bitstamp
1787713200000,2026-08-26T03:00:00.000Z,97.195,97.348,97.087,97.113,1488.74422,bitstamp
1787714100000,2026-08-26T03:15:00.000Z,97.086,97.231,96.887,97.067,671.05297,bitstamp
1787715000000,2026-08-26T03:30:00.000Z,97.028,97.165,96.807,97.093,1063.60461,bitstamp
1787715900000,2026-08-26T03:45:00.000Z,97.089,97.129,96.9,97.048,1343.65484,bitstamp
1787716800000,2026-08-26T04:00:00.000Z,97.02,97.214,96.844,96.926,1350.93669,bitstamp
1787717700000,2026-08-26T04:15:00.000Z,96.969,97.224,96.879,97.05,1171.87516,bitstamp
1787718600000,2026-08-26T04:30:00.000Z,97.11,97.296,96.947,97.112,1017.10674,bitstamp
1787719500000,2026-08-26T04:45:00.000Z,97.088,97.088,96.555,96.612,1773.2229,bitstamp
1787720400000,2026-08-26T05:00:00.000Z,96.633,96.7,96.267,96.621,3443.11202,bitstamp
1787721300000,2026-08-26T05:15:00.000Z,96.586,96.934,96.368,96.819,1628.22898,bitstamp
1787722200000,2026-08-26T05:30:00.000Z,96.771,97.179,96.77,97.138,704.41894,bitstamp
1787723100000,2026-08-26T05:45:00.000Z,97.168,97.168,96.984,97.064,1622.66785,bitstamp
1787724000000,2026-08-26T06:00:00.000Z,97.061,97.268,96.985,97.023,1271.41398,bitstamp
1787724900000,2026-08-26T06:15:00.000Z,97.013,97.079,96.644,96.712,951.97216,bitstamp
1787725800000,2026-08-26T06:30:00.000Z,96.695,96.827,96.509,96.734,978.70385,bitstamp
1787726700000,2026-08-26T06:45:00.000Z,96.741,96.817,96.647,96.793,1877.14217,bitstamp
1787727600000,2026-08-26T07:00:00.000Z,96.774,97.045,96.686,96.921,1295.53396,bitstamp
1787728500000,2026-08-26T07:15:00.000Z,96.934,97.131,96.851,96.968,892.68966,bitstamp
1787729400000,2026-08-26T07:30:00.000Z,96.947,97.138,96.94,97.035,1158.66802,bitstamp
1787730300000,2026-08-26T07:45:00.000Z,97.026,97.101,96.929,96.934,555.12755,bitstamp
1787731200000,2026-08-26T08:00:00.000Z,96.932,97.319,96.915,97.223,1238.57246,bitstamp
1787732100000,2026-08-26T08:15:00.000Z,97.205,97.371,96.998,97.178,665.32007,bitstamp
1787733000000,2026-08-26T08:30:00.000Z,97.154,97.19,96.977,97.164,494.51262,bitstamp
1787733900000,2026-08-26T08:45:00.000Z,97.205,97.206,96.692,96.807,1063.3857,bitstamp
1787734800000,2026-08-26T09:00:00.000Z,96.828,97.007,96.808,96.828,1897.98815,bitstamp
1787735700000,2026-08-26T09:15:00.000Z,96.781,96.781,96.242,96.295,1489.98422,bitstamp
1787736600000,2026-08-26T09:30:00.000Z,96.296,96.468,95.965,95.965,1466.42816,bitstamp
1787737500000,2026-08-26T09:45:00.000Z,95.966,96.245,95.784,96.172,1647.00985,bitstamp
1787738400000,2026-08-26T10:00:00.000Z,96.166,96.167,95.999,96.134,1035.26509,bitstamp
1787739300000,2026-08-26T10:15:00.000Z,96.137,96.72,96.137,96.656,1407.01185,bitstamp
1787740200000,2026-08-26T10:30:00.000Z,96.606,97.407,96.538,97.376,2066.58748,bitstamp
1787741100000,2026-08-26T10:45:00.000Z,97.387,97.84,97.374,97.493,3130.55232,bitstamp
1787742000000,2026-08-26T11:00:00.000Z,97.48,97.637,97.311,97.521,1728.03362,bitstamp
1787742900000,2026-08-26T11:15:00.000Z,97.524,97.574,97.235,97.266,1593.38693,bitstamp
1787743800000,2026-08-26T11:30:00.000Z,97.257,97.338,96.664,96.963,1039.54088,bitstamp
1787744700000,2026-08-26T11:45:00.000Z,96.958,97.2,96.775,97.017,1292.68038,bitstamp
1787745600000,2026-08-26T12:00:00.000Z,97.021,97.099,96.609,96.777,1839.95512,bitstamp
1787746500000,2026-08-26T12:15:00.000Z,96.747,97.55,96.633,97.531,2179.06349,bitstamp
1787747400000,2026-08-26T12:30:00.000Z,97.517,97.517,96.162,96.826,4612.4209,bitstamp
1787748300000,2026-08-26T12:45:00.000Z,96.811,97.256,96.811,97.027,6352.13616,bitstamp
1787749200000,2026-08-26T13:00:00.000Z,96.958,97.222,96.452,96.458,3272.40725,bitstamp
1787750100000,2026-08-26T13:15:00.000Z,96.549,96.555,95.878,96.034,4847.2271,bitstamp
1787751000000,2026-08-26T13:30:00.000Z,96.017,96.731,96.017,96.63,4462.34057,bitstamp
1787751900000,2026-08-26T13:45:00.000Z,96.684,96.848,96.077,96.567,4717.89886,bitstamp
1787752800000,2026-08-26T14:00:00.000Z,96.534,96.962,96.323,96.65,2747.27239,bitstamp
1787753700000,2026-08-26T14:15:00.000Z,96.644,96.891,96.1,96.293,2852.61287,bitstamp
1787754600000,2026-08-26T14:30:00.000Z,96.209,96.348,95.585,95.82,8572.44322,bitstamp
1787755500000,2026-08-26T14:45:00.000Z,95.8,95.84,95.397,95.468,3349.08246,bitstamp
1787756400000,2026-08-26T15:00:00.000Z,95.461,95.707,94.909,95.566,4593.00277,bitstamp
1787757300000,2026-08-26T15:15:00.000Z,95.588,96.275,95.329,96.249,3439.38832,bitstamp
1787758200000,2026-08-26T15:30:00.000Z,96.244,96.345,95.772,96.039,3356.86087,bitstamp
1787759100000,2026-08-26T15:45:00.000Z,96.029,96.269,95.923,95.934,1401.15277,bitstamp
1787760000000,2026-08-26T16:00:00.000Z,95.932,96.168,95.756,95.882,1411.91261,bitstamp
1787760900000,2026-08-26T16:15:00.000Z,95.859,96.065,95.614,95.796,1541.76783,bitstamp
1787761800000,2026-08-26T16:30:00.000Z,95.776,96.044,95.483,95.528,2258.05914,bitstamp
1787762700000,2026-08-26T16:45:00.000Z,95.519,96.084,95.519,95.933,2403.31191,bitstamp
1787763600000,2026-08-26T17:00:00.000Z,95.946,96.354,95.876,96.354,2368.73853,bitstamp
1787764500000,2026-08-26T17:15:00.000Z,96.344,97.204,96.341,97.093,2722.87888,bitstamp
1787765400000,2026-08-26T17:30:00.000Z,97.07,97.24,96.935,97.192,7128.25523,bitstamp
1787766300000,2026-08-26T17:45:00.000Z,97.192,97.287,96.916,96.977,9683.43188,bitstamp
1787767200000,2026-08-26T18:00:00.000Z,96.943,97.1,96.78,96.912,2914.49029,bitstamp
1787768100000,2026-08-26T18:15:00.000Z,96.919,96.982,96.706,96.762,1200.91816,bitstamp
1787769000000,2026-08-26T18:30:00.000Z,96.763,96.915,96.639,96.711,1670.68769,bitstamp
1787769900000,2026-08-26T18:45:00.000Z,96.713,96.923,96.694,96.844,1291.57898,bitstamp
1787770800000,2026-08-26T19:00:00.000Z,96.813,96.839,96.477,96.521,4491.39534,bitstamp
1787771700000,2026-08-26T19:15:00.000Z,96.488,96.895,96.337,96.796,2564.30464,bitstamp
1787772600000,2026-08-26T19:30:00.000Z,96.784,96.901,96.516,96.532,4142.78785,bitstamp
1787773500000,2026-08-26T19:45:00.000Z,96.533,96.825,96.533,96.823,3020.28183,bitstamp
1787774400000,2026-08-26T20:00:00.000Z,96.796,97.041,96.627,96.852,1806.10367,bitstamp
1787775300000,2026-08-26T20:15:00.000Z,96.837,96.92,96.299,96.754,2596.76744,bitstamp
1787776200000,2026-08-26T20:30:00.000Z,96.718,96.749,96.435,96.647,1401.47853,bitstamp
1787777100000,2026-08-26T20:45:00.000Z,96.624,96.939,96.62,96.928,1133.88839,bitstamp
1787778000000,2026-08-26T21:00:00.000Z,96.932,97.505,96.892,97.48,5275.59532,bitstamp
1787778900000,2026-08-26T21:15:00.000Z,97.494,97.854,97.454,97.721,5635.13183,bitstamp
1787779800000,2026-08-26T21:30:00.000Z,97.712,97.954,97.565,97.637,3120.63979,bitstamp
1787780700000,2026-08-26T21:45:00.000Z,97.613,98.34,97.601,98.258,3430.69368,bitstamp
1787781600000,2026-08-26T22:00:00.000Z,98.236,98.991,98.087,98.991,4109.48114,bitstamp
1787782500000,2026-08-26T22:15:00.000Z,98.99,100.913,98.988,100.046,14268.56063,bitstamp
1787783400000,2026-08-26T22:30:00.000Z,100.004,100.253,99.539,100.164,7202.92235,bitstamp
1787784300000,2026-08-26T22:45:00.000Z,100.073,100.197,99.564,99.673,5345.80845,bitstamp
1787785200000,2026-08-26T23:00:00.000Z,99.687,100.46,99.503,100.386,5424.6492,bitstamp
1787786100000,2026-08-26T23:15:00.000Z,100.316,100.973,100.311,100.872,4776.9432,bitstamp
1787787000000,2026-08-26T23:30:00.000Z,100.879,101.508,100.639,101.375,7204.97048,bitstamp
1787787900000,2026-08-26T23:45:00.000Z,101.428,102.43,101.253,102.078,8174.8306,bitstamp
1787788800000,2026-08-27T00:00:00.000Z,102.124,102.124,100.999,101.193,6641.07813,bitstamp
1787789700000,2026-08-27T00:15:00.000Z,101.124,101.722,100.99,101.218,3765.96767,bitstamp
1787790600000,2026-08-27T00:30:00.000Z,101.216,101.216,100.921,101.036,2268.74205,bitstamp
1787791500000,2026-08-27T00:45:00.000Z,101.044,101.256,100.583,100.583,2337.99778,bitstamp
1787792400000,2026-08-27T01:00:00.000Z,100.558,100.857,100.522,100.766,2537.10997,bitstamp
1787793300000,2026-08-27T01:15:00.000Z,100.716,101.688,100.543,101.611,3955.57422,bitstamp
1787794200000,2026-08-27T01:30:00.000Z,101.616,101.884,101.228,101.232,3497.88495,bitstamp
1787795100000,2026-08-27T01:45:00.000Z,101.233,101.893,101.228,101.45,3362.33053,bitstamp
1787796000000,2026-08-27T02:00:00.000Z,101.453,101.926,101.453,101.698,1642.43825,bitstamp
1787796900000,2026-08-27T02:15:00.000Z,101.686,101.706,101.097,101.13,3038.03457,bitstamp
1787797800000,2026-08-27T02:30:00.000Z,101.131,101.329,100.874,100.881,1654.26221,bitstamp
1787798700000,2026-08-27T02:45:00.000Z,100.901,101.414,100.869,101.141,1871.17846,bitstamp
1787799600000,2026-08-27T03:00:00.000Z,101.137,101.232,100.978,101.013,1246.22815,bitstamp
1787800500000,2026-08-27T03:15:00.000Z,101.03,101.775,100.953,101.659,3843.09302,bitstamp
1787801400000,2026-08-27T03:30:00.000Z,101.615,101.656,101.293,101.293,2761.38126,bitstamp
1787802300000,2026-08-27T03:45:00.000Z,101.279,101.542,100.886,101.062,1724.31977,bitstamp
1787803200000,2026-08-27T04:00:00.000Z,101.094,101.397,101.047,101.367,587.58384,bitstamp
1787804100000,2026-08-27T04:15:00.000Z,101.462,101.515,101.093,101.202,1472.87616,bitstamp
1787805000000,2026-08-27T04:30:00.000Z,101.194,101.489,100.68,101.311,3499.37086,bitstamp
1787805900000,2026-08-27T04:45:00.000Z,101.306,101.331,100.85,101.068,1309.35623,bitstamp
1787806800000,2026-08-27T05:00:00.000Z,101.075,101.357,100.829,101.006,2586.99402,bitstamp
1787807700000,2026-08-27T05:15:00.000Z,100.971,101.289,100.815,100.969,1206.30984,bitstamp
1787808600000,2026-08-27T05:30:00.000Z,100.973,101.469,100.748,101.259,1860.81198,bitstamp
1787809500000,2026-08-27T05:45:00.000Z,101.237,102.222,101.181,102.017,2299.47754,bitstamp
1787810400000,2026-08-27T06:00:00.000Z,102.023,102.023,101.129,101.394,2443.18495,bitstamp
1787811300000,2026-08-27T06:15:00.000Z,101.379,101.396,100.884,100.949,2732.43919,bitstamp
1787812200000,2026-08-27T06:30:00.000Z,100.987,101.235,100.987,101.105,2118.63129,bitstamp
1787813100000,2026-08-27T06:45:00.000Z,101.162,101.326,101.162,101.291,1745.52915,bitstamp
1787814000000,2026-08-27T07:00:00.000Z,101.257,101.338,101.128,101.26,1808.50794,bitstamp
1787814900000,2026-08-27T07:15:00.000Z,101.25,101.325,100.998,101.126,2933.87837,bitstamp
1787815800000,2026-08-27T07:30:00.000Z,101.102,101.503,101.047,101.426,1341.33294,bitstamp
1787816700000,2026-08-27T07:45:00.000Z,101.417,102.083,101.372,101.767,3649.83362,bitstamp
1787817600000,2026-08-27T08:00:00.000Z,101.809,104.135,101.715,102.948,10874.17969,bitstamp
1787818500000,2026-08-27T08:15:00.000Z,102.948,104.157,102.69,104.135,9323.69883,bitstamp
1787819400000,2026-08-27T08:30:00.000Z,104.171,104.749,103.784,104.239,6573.41899,bitstamp
1787820300000,2026-08-27T08:45:00.000Z,104.333,105.036,104.31,104.658,6909.39654,bitstamp
1787821200000,2026-08-27T09:00:00.000Z,104.656,104.954,104.115,104.945,3674.79102,bitstamp
1787822100000,2026-08-27T09:15:00.000Z,104.947,105.731,104.659,105.375,8238.91245,bitstamp
1787823000000,2026-08-27T09:30:00.000Z,105.375,105.412,104.652,104.892,2633.59586,bitstamp
1787823900000,2026-08-27T09:45:00.000Z,104.877,105.013,104.223,104.374,4741.87553,bitstamp
1787824800000,2026-08-27T10:00:00.000Z,104.374,104.993,104.252,104.507,5339.48128,bitstamp
1787825700000,2026-08-27T10:15:00.000Z,104.518,104.674,103.099,103.951,8897.88334,bitstamp
1787826600000,2026-08-27T10:30:00.000Z,103.971,104.173,103.321,104.11,5483.30349,bitstamp
1787827500000,2026-08-27T10:45:00.000Z,104.11,104.248,103.877,104.102,2995.44363,bitstamp
1787828400000,2026-08-27T11:00:00.000Z,104.025,104.674,103.974,104.377,4489.45618,bitstamp
1787829300000,2026-08-27T11:15:00.000Z,104.388,104.862,103.997,104.037,4661.44911,bitstamp
1787830200000,2026-08-27T11:30:00.000Z,104.067,104.175,103.641,103.913,5165.365,bitstamp
1787831100000,2026-08-27T11:45:00.000Z,103.867,103.988,103.402,103.944,6499.88027,bitstamp
1787832000000,2026-08-27T12:00:00.000Z,103.942,104.422,103.942,104.275,9736.91327,bitstamp
1787832900000,2026-08-27T12:15:00.000Z,104.255,104.689,104.123,104.499,5240.05893,bitstamp
1787833800000,2026-08-27T12:30:00.000Z,104.507,104.604,104.074,104.284,4855.38786,bitstamp
1787834700000,2026-08-27T12:45:00.000Z,104.264,104.739,104.264,104.424,2448.68444,bitstamp
1787835600000,2026-08-27T13:00:00.000Z,104.383,104.759,104.383,104.462,3679.00324,bitstamp
1787836500000,2026-08-27T13:15:00.000Z,104.509,104.944,104.509,104.853,10520.99693,bitstamp
1787837400000,2026-08-27T13:30:00.000Z,104.837,104.889,104.164,104.633,10244.75522,bitstamp
1787838300000,2026-08-27T13:45:00.000Z,104.679,106.291,104.43,106.073,11894.65959,bitstamp
1787839200000,2026-08-27T14:00:00.000Z,106.05,106.655,105.245,105.459,15688.04762,bitstamp
1787840100000,2026-08-27T14:15:00.000Z,105.49,106.234,105.237,106.019,7407.38613,bitstamp
1787841000000,2026-08-27T14:30:00.000Z,106.03,107.952,105.895,107.5,19942.65583,bitstamp
1787841900000,2026-08-27T14:45:00.000Z,107.476,107.476,106.574,106.794,17707.74006,bitstamp
1787842800000,2026-08-27T15:00:00.000Z,106.794,107.959,106.697,107.257,20799.44317,bitstamp
1787843700000,2026-08-27T15:15:00.000Z,107.257,107.656,107.083,107.438,5384.92696,bitstamp
1787844600000,2026-08-27T15:30:00.000Z,107.472,107.483,106.584,107.163,11056.53265,bitstamp
1787845500000,2026-08-27T15:45:00.000Z,107.19,107.41,106.844,107.21,3856.70208,bitstamp
1787846400000,2026-08-27T16:00:00.000Z,107.209,107.531,106.902,107.181,4525.88817,bitstamp
1787847300000,2026-08-27T16:15:00.000Z,107.156,108.5,107.123,107.953,19165.48792,bitstamp
1787848200000,2026-08-27T16:30:00.000Z,107.983,108.96,107.85,108.796,14708.1637,bitstamp
1787849100000,2026-08-27T16:45:00.000Z,108.796,109.447,108.558,108.956,17110.06856,bitstamp
1787850000000,2026-08-27T17:00:00.000Z,108.963,109.55,108.602,109.298,16810.42051,bitstamp
1787850900000,2026-08-27T17:15:00.000Z,109.306,109.649,108.087,108.179,8406.90466,bitstamp
1787851800000,2026-08-27T17:30:00.000Z,108.172,108.472,107.829,107.871,9607.52595,bitstamp
1787852700000,2026-08-27T17:45:00.000Z,107.871,108.506,107.752,108.205,4538.5267,bitstamp
1787853600000,2026-08-27T18:00:00.000Z,108.197,108.301,107.116,107.464,8949.43789,bitstamp
1787854500000,2026-08-27T18:15:00.000Z,107.462,107.725,106.683,107.12,4429.96605,bitstamp
1787855400000,2026-08-27T18:30:00.000Z,107.121,107.687,107.121,107.509,3348.94518,bitstamp
1787856300000,2026-08-27T18:45:00.000Z,107.492,108.343,107.432,108.335,3666.00534,bitstamp
1787857200000,2026-08-27T19:00:00.000Z,108.391,109.024,108.291,108.976,4121.60421,bitstamp
1787858100000,2026-08-27T19:15:00.000Z,108.995,109.229,108.783,108.983,3721.83934,bitstamp